"","...1","Timestamp","ID","Age","Gender","Condition","ReactionTime","keypress","Stimulus","File","stimcolour","correct","congruency"
"1",0,"2021_Dec_13_1017","2537525673",20,"Female","1",2.86546141601866,"r","r","logfile_2537525673_2021_Dec_13_1017_1.csv","r",1,"0"
"2",1,"2021_Dec_13_1017","2537525673",20,"Female","1",2.68539662502008,"y","y","logfile_2537525673_2021_Dec_13_1017_1.csv","y",1,"1"
"3",7,"2021_Dec_13_1017","2537525673",20,"Female","1",0.847571209014859,"y","y","logfile_2537525673_2021_Dec_13_1017_1.csv","y",1,"1"
"4",9,"2021_Dec_13_1017","2537525673",20,"Female","1",1.65821199998027,"r","r","logfile_2537525673_2021_Dec_13_1017_1.csv","r",1,"0"
"5",10,"2021_Dec_13_1017","2537525673",20,"Female","1",1.07390695804497,"y","y","logfile_2537525673_2021_Dec_13_1017_1.csv","y",1,"1"
"6",12,"2021_Dec_13_1017","2537525673",20,"Female","1",1.20578129100613,"y","y","logfile_2537525673_2021_Dec_13_1017_1.csv","y",1,"1"
"7",14,"2021_Dec_13_1017","2537525673",20,"Female","1",1.11698183399858,"y","y","logfile_2537525673_2021_Dec_13_1017_1.csv","y",1,"1"
"8",15,"2021_Dec_13_1017","2537525673",20,"Female","1",3.03490704199066,"r","r","logfile_2537525673_2021_Dec_13_1017_1.csv","r",1,"0"
"9",16,"2021_Dec_13_1017","2537525673",20,"Female","1",1.91995975002646,"r","r","logfile_2537525673_2021_Dec_13_1017_1.csv","r",1,"0"
"10",18,"2021_Dec_13_1017","2537525673",20,"Female","1",1.80609983403701,"r","r","logfile_2537525673_2021_Dec_13_1017_1.csv","r",1,"0"
"11",20,"2021_Dec_13_1017","2537525673",20,"Female","1",3.01509879197692,"r","r","logfile_2537525673_2021_Dec_13_1017_1.csv","r",1,"0"
"12",24,"2021_Dec_13_1017","2537525673",20,"Female","1",1.47933054203168,"r","r","logfile_2537525673_2021_Dec_13_1017_1.csv","r",1,"0"
"13",25,"2021_Dec_13_1017","2537525673",20,"Female","1",0.698294333007652,"y","y","logfile_2537525673_2021_Dec_13_1017_1.csv","y",1,"1"
"14",26,"2021_Dec_13_1017","2537525673",20,"Female","1",0.617583625018597,"y","y","logfile_2537525673_2021_Dec_13_1017_1.csv","y",1,"1"
"15",28,"2021_Dec_13_1017","2537525673",20,"Female","1",1.78191575000528,"r","r","logfile_2537525673_2021_Dec_13_1017_1.csv","r",1,"0"
"16",31,"2021_Dec_13_1017","2537525673",20,"Female","1",1.84655241703149,"y","y","logfile_2537525673_2021_Dec_13_1017_1.csv","y",1,"1"
"17",32,"2021_Dec_13_1017","2537525673",20,"Female","1",1.81989212497137,"r","r","logfile_2537525673_2021_Dec_13_1017_1.csv","r",1,"0"
"18",33,"2021_Dec_13_1017","2537525673",20,"Female","1",1.7363247909816,"r","r","logfile_2537525673_2021_Dec_13_1017_1.csv","r",1,"0"
"19",34,"2021_Dec_13_1017","2537525673",20,"Female","1",1.33241212501889,"y","y","logfile_2537525673_2021_Dec_13_1017_1.csv","y",1,"1"
"20",35,"2021_Dec_13_1017","2537525673",20,"Female","1",1.67723462503636,"r","r","logfile_2537525673_2021_Dec_13_1017_1.csv","r",1,"0"
"21",36,"2021_Dec_13_1017","2537525673",20,"Female","1",0.609969375014771,"y","y","logfile_2537525673_2021_Dec_13_1017_1.csv","y",1,"1"
"22",37,"2021_Dec_13_1017","2537525673",20,"Female","1",2.77829654194647,"r","r","logfile_2537525673_2021_Dec_13_1017_1.csv","r",1,"0"
"23",40,"2021_Dec_13_1017","2537525673",20,"Female","1",0.960159999958705,"y","y","logfile_2537525673_2021_Dec_13_1017_1.csv","y",1,"1"
"24",42,"2021_Dec_13_1017","2537525673",20,"Female","1",1.07822274998762,"y","y","logfile_2537525673_2021_Dec_13_1017_1.csv","y",1,"1"
"25",43,"2021_Dec_13_1017","2537525673",20,"Female","1",1.03253458399558,"r","r","logfile_2537525673_2021_Dec_13_1017_1.csv","r",1,"0"
"26",45,"2021_Dec_13_1017","2537525673",20,"Female","1",1.7796876669745,"r","r","logfile_2537525673_2021_Dec_13_1017_1.csv","r",1,"0"
"27",47,"2021_Dec_13_1017","2537525673",20,"Female","1",1.20513166702585,"r","r","logfile_2537525673_2021_Dec_13_1017_1.csv","r",1,"0"
"28",48,"2021_Dec_13_1017","2537525673",20,"Female","1",1.0662047919468,"r","r","logfile_2537525673_2021_Dec_13_1017_1.csv","r",1,"0"
"29",49,"2021_Dec_13_1017","2537525673",20,"Female","1",1.47251687501557,"r","r","logfile_2537525673_2021_Dec_13_1017_1.csv","r",1,"0"
"30",50,"2021_Dec_13_1017","2537525673",20,"Female","1",1.49531783297425,"r","r","logfile_2537525673_2021_Dec_13_1017_1.csv","r",1,"0"
"31",52,"2021_Dec_13_1017","2537525673",20,"Female","1",2.77753433299949,"y","y","logfile_2537525673_2021_Dec_13_1017_1.csv","y",1,"1"
"32",53,"2021_Dec_13_1017","2537525673",20,"Female","1",0.97357800003374,"y","y","logfile_2537525673_2021_Dec_13_1017_1.csv","y",1,"1"
"33",55,"2021_Dec_13_1017","2537525673",20,"Female","1",1.48797641700367,"r","r","logfile_2537525673_2021_Dec_13_1017_1.csv","r",1,"0"
"34",56,"2021_Dec_13_1017","2537525673",20,"Female","1",1.84869108302519,"y","y","logfile_2537525673_2021_Dec_13_1017_1.csv","y",1,"1"
"35",57,"2021_Dec_13_1017","2537525673",20,"Female","1",0.933181583008263,"y","y","logfile_2537525673_2021_Dec_13_1017_1.csv","y",1,"1"
"36",58,"2021_Dec_13_1017","2537525673",20,"Female","1",1.80492895800853,"r","r","logfile_2537525673_2021_Dec_13_1017_1.csv","r",1,"0"
"37",59,"2021_Dec_13_1017","2537525673",20,"Female","1",1.28193141700467,"y","y","logfile_2537525673_2021_Dec_13_1017_1.csv","y",1,"1"
"38",2,"2021_Dec_13_1441","2673662",22,"Female","0",0.730570250016171,"y","y","logfile_2673662_2021_Dec_13_1441_0.csv","y",1,"0"
"39",3,"2021_Dec_13_1441","2673662",22,"Female","0",1.01032362499973,"y","y","logfile_2673662_2021_Dec_13_1441_0.csv","y",1,"0"
"40",6,"2021_Dec_13_1441","2673662",22,"Female","0",1.78902287501842,"r","r","logfile_2673662_2021_Dec_13_1441_0.csv","r",1,"0"
"41",7,"2021_Dec_13_1441","2673662",22,"Female","0",1.10186358302599,"y","y","logfile_2673662_2021_Dec_13_1441_0.csv","y",1,"0"
"42",9,"2021_Dec_13_1441","2673662",22,"Female","0",2.22337087499909,"y","y","logfile_2673662_2021_Dec_13_1441_0.csv","y",1,"0"
"43",10,"2021_Dec_13_1441","2673662",22,"Female","0",1.22250004101079,"r","r","logfile_2673662_2021_Dec_13_1441_0.csv","r",1,"0"
"44",11,"2021_Dec_13_1441","2673662",22,"Female","0",2.09142025001347,"y","y","logfile_2673662_2021_Dec_13_1441_0.csv","y",1,"0"
"45",12,"2021_Dec_13_1441","2673662",22,"Female","0",1.65944125002716,"y","y","logfile_2673662_2021_Dec_13_1441_0.csv","y",1,"0"
"46",14,"2021_Dec_13_1441","2673662",22,"Female","0",0.687510583025869,"y","y","logfile_2673662_2021_Dec_13_1441_0.csv","y",1,"0"
"47",15,"2021_Dec_13_1441","2673662",22,"Female","0",1.0963700839784,"y","y","logfile_2673662_2021_Dec_13_1441_0.csv","y",1,"0"
"48",16,"2021_Dec_13_1441","2673662",22,"Female","0",1.03687833400909,"r","r","logfile_2673662_2021_Dec_13_1441_0.csv","r",1,"0"
"49",17,"2021_Dec_13_1441","2673662",22,"Female","0",1.70454154198524,"r","r","logfile_2673662_2021_Dec_13_1441_0.csv","r",1,"0"
"50",18,"2021_Dec_13_1441","2673662",22,"Female","0",0.654872708022594,"y","y","logfile_2673662_2021_Dec_13_1441_0.csv","y",1,"0"
"51",19,"2021_Dec_13_1441","2673662",22,"Female","0",1.63440854096552,"y","y","logfile_2673662_2021_Dec_13_1441_0.csv","y",1,"0"
"52",20,"2021_Dec_13_1441","2673662",22,"Female","0",1.51549712498672,"r","r","logfile_2673662_2021_Dec_13_1441_0.csv","r",1,"0"
"53",21,"2021_Dec_13_1441","2673662",22,"Female","0",0.761719957983587,"r","r","logfile_2673662_2021_Dec_13_1441_0.csv","r",1,"0"
"54",22,"2021_Dec_13_1441","2673662",22,"Female","0",1.77224962500622,"r","r","logfile_2673662_2021_Dec_13_1441_0.csv","r",1,"0"
"55",23,"2021_Dec_13_1441","2673662",22,"Female","0",1.42070349998539,"r","r","logfile_2673662_2021_Dec_13_1441_0.csv","r",1,"0"
"56",24,"2021_Dec_13_1441","2673662",22,"Female","0",1.25509108300321,"y","y","logfile_2673662_2021_Dec_13_1441_0.csv","y",1,"0"
"57",25,"2021_Dec_13_1441","2673662",22,"Female","0",2.15210524998838,"y","y","logfile_2673662_2021_Dec_13_1441_0.csv","y",1,"0"
"58",26,"2021_Dec_13_1441","2673662",22,"Female","0",0.872034583997447,"r","r","logfile_2673662_2021_Dec_13_1441_0.csv","r",1,"0"
"59",27,"2021_Dec_13_1441","2673662",22,"Female","0",1.29831633303547,"r","r","logfile_2673662_2021_Dec_13_1441_0.csv","r",1,"0"
"60",28,"2021_Dec_13_1441","2673662",22,"Female","0",0.990725125011522,"y","y","logfile_2673662_2021_Dec_13_1441_0.csv","y",1,"0"
"61",29,"2021_Dec_13_1441","2673662",22,"Female","0",2.45820391696179,"y","y","logfile_2673662_2021_Dec_13_1441_0.csv","y",1,"0"
"62",30,"2021_Dec_13_1441","2673662",22,"Female","0",1.00567616603803,"r","r","logfile_2673662_2021_Dec_13_1441_0.csv","r",1,"0"
"63",31,"2021_Dec_13_1441","2673662",22,"Female","0",0.815658042032737,"r","r","logfile_2673662_2021_Dec_13_1441_0.csv","r",1,"0"
"64",32,"2021_Dec_13_1441","2673662",22,"Female","0",1.53904491703724,"r","r","logfile_2673662_2021_Dec_13_1441_0.csv","r",1,"0"
"65",34,"2021_Dec_13_1441","2673662",22,"Female","0",1.51894070801791,"r","r","logfile_2673662_2021_Dec_13_1441_0.csv","r",1,"0"
"66",35,"2021_Dec_13_1441","2673662",22,"Female","0",1.96965233399533,"r","r","logfile_2673662_2021_Dec_13_1441_0.csv","r",1,"0"
"67",36,"2021_Dec_13_1441","2673662",22,"Female","0",1.12913137499709,"r","r","logfile_2673662_2021_Dec_13_1441_0.csv","r",1,"0"
"68",37,"2021_Dec_13_1441","2673662",22,"Female","0",1.75285329204053,"y","y","logfile_2673662_2021_Dec_13_1441_0.csv","y",1,"0"
"69",38,"2021_Dec_13_1441","2673662",22,"Female","0",0.743526500009466,"y","y","logfile_2673662_2021_Dec_13_1441_0.csv","y",1,"0"
"70",39,"2021_Dec_13_1441","2673662",22,"Female","0",1.02555591601413,"y","y","logfile_2673662_2021_Dec_13_1441_0.csv","y",1,"0"
"71",40,"2021_Dec_13_1441","2673662",22,"Female","0",1.11769524996635,"r","r","logfile_2673662_2021_Dec_13_1441_0.csv","r",1,"0"
"72",41,"2021_Dec_13_1441","2673662",22,"Female","0",0.869459833018482,"r","r","logfile_2673662_2021_Dec_13_1441_0.csv","r",1,"0"
"73",42,"2021_Dec_13_1441","2673662",22,"Female","0",1.25308512500487,"r","r","logfile_2673662_2021_Dec_13_1441_0.csv","r",1,"0"
"74",43,"2021_Dec_13_1441","2673662",22,"Female","0",0.900125083047897,"y","y","logfile_2673662_2021_Dec_13_1441_0.csv","y",1,"0"
"75",44,"2021_Dec_13_1441","2673662",22,"Female","0",2.18078879197128,"y","y","logfile_2673662_2021_Dec_13_1441_0.csv","y",1,"0"
"76",45,"2021_Dec_13_1441","2673662",22,"Female","0",1.22395795898046,"r","r","logfile_2673662_2021_Dec_13_1441_0.csv","r",1,"0"
"77",46,"2021_Dec_13_1441","2673662",22,"Female","0",2.66036641696701,"r","r","logfile_2673662_2021_Dec_13_1441_0.csv","r",1,"0"
"78",47,"2021_Dec_13_1441","2673662",22,"Female","0",1.16283637500601,"r","r","logfile_2673662_2021_Dec_13_1441_0.csv","r",1,"0"
"79",48,"2021_Dec_13_1441","2673662",22,"Female","0",1.26062883296981,"r","r","logfile_2673662_2021_Dec_13_1441_0.csv","r",1,"0"
"80",49,"2021_Dec_13_1441","2673662",22,"Female","0",1.43143012502696,"r","r","logfile_2673662_2021_Dec_13_1441_0.csv","r",1,"0"
"81",50,"2021_Dec_13_1441","2673662",22,"Female","0",0.573804125015158,"y","y","logfile_2673662_2021_Dec_13_1441_0.csv","y",1,"0"
"82",51,"2021_Dec_13_1441","2673662",22,"Female","0",1.45193787501194,"r","r","logfile_2673662_2021_Dec_13_1441_0.csv","r",1,"0"
"83",52,"2021_Dec_13_1441","2673662",22,"Female","0",1.32640666596126,"r","r","logfile_2673662_2021_Dec_13_1441_0.csv","r",1,"0"
"84",53,"2021_Dec_13_1441","2673662",22,"Female","0",0.987362666986883,"y","y","logfile_2673662_2021_Dec_13_1441_0.csv","y",1,"0"
"85",54,"2021_Dec_13_1441","2673662",22,"Female","0",1.07619154202985,"y","y","logfile_2673662_2021_Dec_13_1441_0.csv","y",1,"0"
"86",55,"2021_Dec_13_1441","2673662",22,"Female","0",0.925121666979976,"r","r","logfile_2673662_2021_Dec_13_1441_0.csv","r",1,"0"
"87",56,"2021_Dec_13_1441","2673662",22,"Female","0",0.832547541009262,"r","r","logfile_2673662_2021_Dec_13_1441_0.csv","r",1,"0"
"88",57,"2021_Dec_13_1441","2673662",22,"Female","0",1.92315862502437,"y","y","logfile_2673662_2021_Dec_13_1441_0.csv","y",1,"0"
"89",58,"2021_Dec_13_1441","2673662",22,"Female","0",1.02633345901268,"r","r","logfile_2673662_2021_Dec_13_1441_0.csv","r",1,"0"
"90",59,"2021_Dec_13_1441","2673662",22,"Female","0",1.27086479199352,"r","r","logfile_2673662_2021_Dec_13_1441_0.csv","r",1,"0"
"91",1,"2021_Dec_13_1241","420",24,"Male","1",1.31449053401593,"y","y","logfile_420_2021_Dec_13_1241_1.csv","y",1,"1"
"92",2,"2021_Dec_13_1241","420",24,"Male","1",1.85440949499025,"y","y","logfile_420_2021_Dec_13_1241_1.csv","y",1,"1"
"93",6,"2021_Dec_13_1241","420",24,"Male","1",1.94859015999828,"r","r","logfile_420_2021_Dec_13_1241_1.csv","r",1,"0"
"94",10,"2021_Dec_13_1241","420",24,"Male","1",2.65372704400215,"r","r","logfile_420_2021_Dec_13_1241_1.csv","r",1,"0"
"95",11,"2021_Dec_13_1241","420",24,"Male","1",1.60712888900889,"r","r","logfile_420_2021_Dec_13_1241_1.csv","r",1,"0"
"96",13,"2021_Dec_13_1241","420",24,"Male","1",0.526409869984491,"y","y","logfile_420_2021_Dec_13_1241_1.csv","y",1,"1"
"97",14,"2021_Dec_13_1241","420",24,"Male","1",0.701732963992981,"y","y","logfile_420_2021_Dec_13_1241_1.csv","y",1,"1"
"98",17,"2021_Dec_13_1241","420",24,"Male","1",1.16485467599705,"y","y","logfile_420_2021_Dec_13_1241_1.csv","y",1,"1"
"99",18,"2021_Dec_13_1241","420",24,"Male","1",1.54353548100335,"r","r","logfile_420_2021_Dec_13_1241_1.csv","r",1,"0"
"100",19,"2021_Dec_13_1241","420",24,"Male","1",2.73705587000586,"r","r","logfile_420_2021_Dec_13_1241_1.csv","r",1,"0"
"101",23,"2021_Dec_13_1241","420",24,"Male","1",1.0671412619995,"y","y","logfile_420_2021_Dec_13_1241_1.csv","y",1,"1"
"102",24,"2021_Dec_13_1241","420",24,"Male","1",0.608275701000821,"y","y","logfile_420_2021_Dec_13_1241_1.csv","y",1,"1"
"103",25,"2021_Dec_13_1241","420",24,"Male","1",0.900504489021841,"r","r","logfile_420_2021_Dec_13_1241_1.csv","r",1,"0"
"104",26,"2021_Dec_13_1241","420",24,"Male","1",0.574828689015703,"y","y","logfile_420_2021_Dec_13_1241_1.csv","y",1,"1"
"105",29,"2021_Dec_13_1241","420",24,"Male","1",0.800793874019291,"r","r","logfile_420_2021_Dec_13_1241_1.csv","r",1,"0"
"106",30,"2021_Dec_13_1241","420",24,"Male","1",1.11031660801382,"r","r","logfile_420_2021_Dec_13_1241_1.csv","r",1,"0"
"107",31,"2021_Dec_13_1241","420",24,"Male","1",1.52478162499028,"r","r","logfile_420_2021_Dec_13_1241_1.csv","r",1,"0"
"108",32,"2021_Dec_13_1241","420",24,"Male","1",0.573737344995607,"y","y","logfile_420_2021_Dec_13_1241_1.csv","y",1,"1"
"109",33,"2021_Dec_13_1241","420",24,"Male","1",0.621100365999155,"y","y","logfile_420_2021_Dec_13_1241_1.csv","y",1,"1"
"110",34,"2021_Dec_13_1241","420",24,"Male","1",1.39340383501258,"r","r","logfile_420_2021_Dec_13_1241_1.csv","r",1,"0"
"111",35,"2021_Dec_13_1241","420",24,"Male","1",0.547933039983036,"y","y","logfile_420_2021_Dec_13_1241_1.csv","y",1,"1"
"112",36,"2021_Dec_13_1241","420",24,"Male","1",0.656201911013341,"r","r","logfile_420_2021_Dec_13_1241_1.csv","r",1,"0"
"113",37,"2021_Dec_13_1241","420",24,"Male","1",0.872000021015992,"r","r","logfile_420_2021_Dec_13_1241_1.csv","r",1,"0"
"114",39,"2021_Dec_13_1241","420",24,"Male","1",0.631614770012675,"r","r","logfile_420_2021_Dec_13_1241_1.csv","r",1,"0"
"115",42,"2021_Dec_13_1241","420",24,"Male","1",0.688769781991141,"r","r","logfile_420_2021_Dec_13_1241_1.csv","r",1,"0"
"116",43,"2021_Dec_13_1241","420",24,"Male","1",0.933921428979374,"y","y","logfile_420_2021_Dec_13_1241_1.csv","y",1,"1"
"117",44,"2021_Dec_13_1241","420",24,"Male","1",0.801316430995939,"r","r","logfile_420_2021_Dec_13_1241_1.csv","r",1,"0"
"118",45,"2021_Dec_13_1241","420",24,"Male","1",0.701677322009346,"r","r","logfile_420_2021_Dec_13_1241_1.csv","r",1,"0"
"119",46,"2021_Dec_13_1241","420",24,"Male","1",0.600483116984833,"y","y","logfile_420_2021_Dec_13_1241_1.csv","y",1,"1"
"120",48,"2021_Dec_13_1241","420",24,"Male","1",0.48525007799617,"y","y","logfile_420_2021_Dec_13_1241_1.csv","y",1,"1"
"121",50,"2021_Dec_13_1241","420",24,"Male","1",0.756490376021247,"r","r","logfile_420_2021_Dec_13_1241_1.csv","r",1,"0"
"122",51,"2021_Dec_13_1241","420",24,"Male","1",0.452646303980146,"y","y","logfile_420_2021_Dec_13_1241_1.csv","y",1,"1"
"123",53,"2021_Dec_13_1241","420",24,"Male","1",1.26204733800841,"y","y","logfile_420_2021_Dec_13_1241_1.csv","y",1,"1"
"124",54,"2021_Dec_13_1241","420",24,"Male","1",0.594613418012159,"r","r","logfile_420_2021_Dec_13_1241_1.csv","r",1,"0"
"125",55,"2021_Dec_13_1241","420",24,"Male","1",0.887244280980667,"r","r","logfile_420_2021_Dec_13_1241_1.csv","r",1,"0"
"126",58,"2021_Dec_13_1241","420",24,"Male","1",1.27504810201935,"y","y","logfile_420_2021_Dec_13_1241_1.csv","y",1,"1"
"127",59,"2021_Dec_13_1241","420",24,"Male","1",0.593191193009261,"r","r","logfile_420_2021_Dec_13_1241_1.csv","r",1,"0"
"128",1,"2021_Dec_13_1457","7",21,"Female","0",2.98125766695011,"y","y","logfile_7_2021_Dec_13_1457_0.csv","y",1,"0"
"129",3,"2021_Dec_13_1457","7",21,"Female","0",1.67839362495579,"y","y","logfile_7_2021_Dec_13_1457_0.csv","y",1,"0"
"130",5,"2021_Dec_13_1457","7",21,"Female","0",2.19300691701937,"y","y","logfile_7_2021_Dec_13_1457_0.csv","y",1,"0"
"131",6,"2021_Dec_13_1457","7",21,"Female","0",2.94256974995369,"r","r","logfile_7_2021_Dec_13_1457_0.csv","r",1,"0"
"132",7,"2021_Dec_13_1457","7",21,"Female","0",0.946775624994188,"y","y","logfile_7_2021_Dec_13_1457_0.csv","y",1,"0"
"133",8,"2021_Dec_13_1457","7",21,"Female","0",0.911744082986843,"y","y","logfile_7_2021_Dec_13_1457_0.csv","y",1,"0"
"134",9,"2021_Dec_13_1457","7",21,"Female","0",1.5604472910054,"y","y","logfile_7_2021_Dec_13_1457_0.csv","y",1,"0"
"135",10,"2021_Dec_13_1457","7",21,"Female","0",2.15795829100534,"r","r","logfile_7_2021_Dec_13_1457_0.csv","r",1,"0"
"136",11,"2021_Dec_13_1457","7",21,"Female","0",0.787933791987598,"y","y","logfile_7_2021_Dec_13_1457_0.csv","y",1,"0"
"137",12,"2021_Dec_13_1457","7",21,"Female","0",1.39807774999645,"y","y","logfile_7_2021_Dec_13_1457_0.csv","y",1,"0"
"138",13,"2021_Dec_13_1457","7",21,"Female","0",0.824175708985422,"y","y","logfile_7_2021_Dec_13_1457_0.csv","y",1,"0"
"139",14,"2021_Dec_13_1457","7",21,"Female","0",1.37050933402497,"y","y","logfile_7_2021_Dec_13_1457_0.csv","y",1,"0"
"140",15,"2021_Dec_13_1457","7",21,"Female","0",1.49169312498998,"y","y","logfile_7_2021_Dec_13_1457_0.csv","y",1,"0"
"141",16,"2021_Dec_13_1457","7",21,"Female","0",2.30769991700072,"r","r","logfile_7_2021_Dec_13_1457_0.csv","r",1,"0"
"142",17,"2021_Dec_13_1457","7",21,"Female","0",2.17342470900621,"r","r","logfile_7_2021_Dec_13_1457_0.csv","r",1,"0"
"143",18,"2021_Dec_13_1457","7",21,"Female","0",0.994473374972586,"y","y","logfile_7_2021_Dec_13_1457_0.csv","y",1,"0"
"144",19,"2021_Dec_13_1457","7",21,"Female","0",0.818491125013679,"y","y","logfile_7_2021_Dec_13_1457_0.csv","y",1,"0"
"145",20,"2021_Dec_13_1457","7",21,"Female","0",2.22837633395102,"r","r","logfile_7_2021_Dec_13_1457_0.csv","r",1,"0"
"146",21,"2021_Dec_13_1457","7",21,"Female","0",1.69338495796546,"r","r","logfile_7_2021_Dec_13_1457_0.csv","r",1,"0"
"147",22,"2021_Dec_13_1457","7",21,"Female","0",1.46493979095249,"r","r","logfile_7_2021_Dec_13_1457_0.csv","r",1,"0"
"148",23,"2021_Dec_13_1457","7",21,"Female","0",1.66262966702925,"r","r","logfile_7_2021_Dec_13_1457_0.csv","r",1,"0"
"149",24,"2021_Dec_13_1457","7",21,"Female","0",0.890578540973365,"y","y","logfile_7_2021_Dec_13_1457_0.csv","y",1,"0"
"150",25,"2021_Dec_13_1457","7",21,"Female","0",1.44232612499036,"y","y","logfile_7_2021_Dec_13_1457_0.csv","y",1,"0"
"151",26,"2021_Dec_13_1457","7",21,"Female","0",1.82316504197661,"r","r","logfile_7_2021_Dec_13_1457_0.csv","r",1,"0"
"152",27,"2021_Dec_13_1457","7",21,"Female","0",3.25726212497102,"r","r","logfile_7_2021_Dec_13_1457_0.csv","r",1,"0"
"153",28,"2021_Dec_13_1457","7",21,"Female","0",0.836423375003505,"y","y","logfile_7_2021_Dec_13_1457_0.csv","y",1,"0"
"154",29,"2021_Dec_13_1457","7",21,"Female","0",0.94675554195419,"y","y","logfile_7_2021_Dec_13_1457_0.csv","y",1,"0"
"155",30,"2021_Dec_13_1457","7",21,"Female","0",1.49068037496181,"r","r","logfile_7_2021_Dec_13_1457_0.csv","r",1,"0"
"156",31,"2021_Dec_13_1457","7",21,"Female","0",1.80086470895912,"r","r","logfile_7_2021_Dec_13_1457_0.csv","r",1,"0"
"157",32,"2021_Dec_13_1457","7",21,"Female","0",2.81812416599132,"r","r","logfile_7_2021_Dec_13_1457_0.csv","r",1,"0"
"158",33,"2021_Dec_13_1457","7",21,"Female","0",0.642978916992433,"y","y","logfile_7_2021_Dec_13_1457_0.csv","y",1,"0"
"159",34,"2021_Dec_13_1457","7",21,"Female","0",1.28813841700321,"r","r","logfile_7_2021_Dec_13_1457_0.csv","r",1,"0"
"160",35,"2021_Dec_13_1457","7",21,"Female","0",2.12434062501416,"r","r","logfile_7_2021_Dec_13_1457_0.csv","r",1,"0"
"161",36,"2021_Dec_13_1457","7",21,"Female","0",1.11382554098964,"r","r","logfile_7_2021_Dec_13_1457_0.csv","r",1,"0"
"162",37,"2021_Dec_13_1457","7",21,"Female","0",1.06885024998337,"y","y","logfile_7_2021_Dec_13_1457_0.csv","y",1,"0"
"163",38,"2021_Dec_13_1457","7",21,"Female","0",1.18446274998132,"y","y","logfile_7_2021_Dec_13_1457_0.csv","y",1,"0"
"164",39,"2021_Dec_13_1457","7",21,"Female","0",0.891518167045433,"y","y","logfile_7_2021_Dec_13_1457_0.csv","y",1,"0"
"165",40,"2021_Dec_13_1457","7",21,"Female","0",1.80960741697345,"r","r","logfile_7_2021_Dec_13_1457_0.csv","r",1,"0"
"166",41,"2021_Dec_13_1457","7",21,"Female","0",2.63049074995797,"r","r","logfile_7_2021_Dec_13_1457_0.csv","r",1,"0"
"167",42,"2021_Dec_13_1457","7",21,"Female","0",1.88202508399263,"r","r","logfile_7_2021_Dec_13_1457_0.csv","r",1,"0"
"168",43,"2021_Dec_13_1457","7",21,"Female","0",0.67607649997808,"y","y","logfile_7_2021_Dec_13_1457_0.csv","y",1,"0"
"169",44,"2021_Dec_13_1457","7",21,"Female","0",0.814602791971993,"y","y","logfile_7_2021_Dec_13_1457_0.csv","y",1,"0"
"170",45,"2021_Dec_13_1457","7",21,"Female","0",1.22202450002078,"r","r","logfile_7_2021_Dec_13_1457_0.csv","r",1,"0"
"171",46,"2021_Dec_13_1457","7",21,"Female","0",1.54531591699924,"r","r","logfile_7_2021_Dec_13_1457_0.csv","r",1,"0"
"172",47,"2021_Dec_13_1457","7",21,"Female","0",1.60391570901265,"r","r","logfile_7_2021_Dec_13_1457_0.csv","r",1,"0"
"173",48,"2021_Dec_13_1457","7",21,"Female","0",1.5715140409884,"r","r","logfile_7_2021_Dec_13_1457_0.csv","r",1,"0"
"174",49,"2021_Dec_13_1457","7",21,"Female","0",0.953759958036244,"r","r","logfile_7_2021_Dec_13_1457_0.csv","r",1,"0"
"175",50,"2021_Dec_13_1457","7",21,"Female","0",0.572409374988638,"y","y","logfile_7_2021_Dec_13_1457_0.csv","y",1,"0"
"176",51,"2021_Dec_13_1457","7",21,"Female","0",1.24400962499203,"r","r","logfile_7_2021_Dec_13_1457_0.csv","r",1,"0"
"177",52,"2021_Dec_13_1457","7",21,"Female","0",0.725220500025898,"r","r","logfile_7_2021_Dec_13_1457_0.csv","r",1,"0"
"178",53,"2021_Dec_13_1457","7",21,"Female","0",0.876583791978192,"y","y","logfile_7_2021_Dec_13_1457_0.csv","y",1,"0"
"179",54,"2021_Dec_13_1457","7",21,"Female","0",1.63210941600846,"y","y","logfile_7_2021_Dec_13_1457_0.csv","y",1,"0"
"180",55,"2021_Dec_13_1457","7",21,"Female","0",1.79895037499955,"r","r","logfile_7_2021_Dec_13_1457_0.csv","r",1,"0"
"181",56,"2021_Dec_13_1457","7",21,"Female","0",1.82953316700878,"r","r","logfile_7_2021_Dec_13_1457_0.csv","r",1,"0"
"182",57,"2021_Dec_13_1457","7",21,"Female","0",0.763571457995567,"y","y","logfile_7_2021_Dec_13_1457_0.csv","y",1,"0"
"183",58,"2021_Dec_13_1457","7",21,"Female","0",1.77019087504596,"r","r","logfile_7_2021_Dec_13_1457_0.csv","r",1,"0"
"184",59,"2021_Dec_13_1457","7",21,"Female","0",1.94672837498365,"r","r","logfile_7_2021_Dec_13_1457_0.csv","r",1,"0"
"185",0,"2021_Dec_13_1024","br00",21,"Female","2",3.05013064300874,"r","r","logfile_br00_2021_Dec_13_1024_2.csv","r",1,"1"
"186",1,"2021_Dec_13_1024","br00",21,"Female","2",0.819001447001938,"y","y","logfile_br00_2021_Dec_13_1024_2.csv","y",1,"0"
"187",2,"2021_Dec_13_1024","br00",21,"Female","2",0.758033074991545,"r","r","logfile_br00_2021_Dec_13_1024_2.csv","r",1,"1"
"188",3,"2021_Dec_13_1024","br00",21,"Female","2",0.885517326008994,"y","y","logfile_br00_2021_Dec_13_1024_2.csv","y",1,"0"
"189",4,"2021_Dec_13_1024","br00",21,"Female","2",0.672801874025026,"r","r","logfile_br00_2021_Dec_13_1024_2.csv","r",1,"1"
"190",5,"2021_Dec_13_1024","br00",21,"Female","2",0.825261182995746,"y","y","logfile_br00_2021_Dec_13_1024_2.csv","y",1,"0"
"191",6,"2021_Dec_13_1024","br00",21,"Female","2",1.02468729799148,"y","y","logfile_br00_2021_Dec_13_1024_2.csv","y",1,"0"
"192",7,"2021_Dec_13_1024","br00",21,"Female","2",1.13630032699439,"y","y","logfile_br00_2021_Dec_13_1024_2.csv","y",1,"0"
"193",8,"2021_Dec_13_1024","br00",21,"Female","2",1.34245029799058,"r","r","logfile_br00_2021_Dec_13_1024_2.csv","r",1,"1"
"194",9,"2021_Dec_13_1024","br00",21,"Female","2",1.00659585400717,"y","y","logfile_br00_2021_Dec_13_1024_2.csv","y",1,"0"
"195",10,"2021_Dec_13_1024","br00",21,"Female","2",0.991314285987755,"y","y","logfile_br00_2021_Dec_13_1024_2.csv","y",1,"0"
"196",11,"2021_Dec_13_1024","br00",21,"Female","2",1.25130861002253,"y","y","logfile_br00_2021_Dec_13_1024_2.csv","y",1,"0"
"197",12,"2021_Dec_13_1024","br00",21,"Female","2",1.07513208300225,"y","y","logfile_br00_2021_Dec_13_1024_2.csv","y",1,"0"
"198",13,"2021_Dec_13_1024","br00",21,"Female","2",0.722646849026205,"r","r","logfile_br00_2021_Dec_13_1024_2.csv","r",1,"1"
"199",14,"2021_Dec_13_1024","br00",21,"Female","2",1.13333888500347,"r","r","logfile_br00_2021_Dec_13_1024_2.csv","r",1,"1"
"200",15,"2021_Dec_13_1024","br00",21,"Female","2",1.60534778400324,"r","r","logfile_br00_2021_Dec_13_1024_2.csv","r",1,"1"
"201",16,"2021_Dec_13_1024","br00",21,"Female","2",1.98369680100586,"y","y","logfile_br00_2021_Dec_13_1024_2.csv","y",1,"0"
"202",17,"2021_Dec_13_1024","br00",21,"Female","2",0.648167799983639,"r","r","logfile_br00_2021_Dec_13_1024_2.csv","r",1,"1"
"203",18,"2021_Dec_13_1024","br00",21,"Female","2",0.606519736989867,"y","y","logfile_br00_2021_Dec_13_1024_2.csv","y",1,"0"
"204",19,"2021_Dec_13_1024","br00",21,"Female","2",0.969729158008704,"r","r","logfile_br00_2021_Dec_13_1024_2.csv","r",1,"1"
"205",20,"2021_Dec_13_1024","br00",21,"Female","2",0.942022793984506,"y","y","logfile_br00_2021_Dec_13_1024_2.csv","y",1,"0"
"206",21,"2021_Dec_13_1024","br00",21,"Female","2",1.0807100230013,"y","y","logfile_br00_2021_Dec_13_1024_2.csv","y",1,"0"
"207",23,"2021_Dec_13_1024","br00",21,"Female","2",1.05230165200192,"y","y","logfile_br00_2021_Dec_13_1024_2.csv","y",1,"0"
"208",24,"2021_Dec_13_1024","br00",21,"Female","2",1.57104571198579,"y","y","logfile_br00_2021_Dec_13_1024_2.csv","y",1,"0"
"209",25,"2021_Dec_13_1024","br00",21,"Female","2",0.697150627995143,"y","y","logfile_br00_2021_Dec_13_1024_2.csv","y",1,"0"
"210",26,"2021_Dec_13_1024","br00",21,"Female","2",0.918435706000309,"r","r","logfile_br00_2021_Dec_13_1024_2.csv","r",1,"1"
"211",27,"2021_Dec_13_1024","br00",21,"Female","2",0.814272560004611,"r","r","logfile_br00_2021_Dec_13_1024_2.csv","r",1,"1"
"212",28,"2021_Dec_13_1024","br00",21,"Female","2",2.05050011799904,"r","r","logfile_br00_2021_Dec_13_1024_2.csv","r",1,"1"
"213",29,"2021_Dec_13_1024","br00",21,"Female","2",0.800999033992412,"y","y","logfile_br00_2021_Dec_13_1024_2.csv","y",1,"0"
"214",30,"2021_Dec_13_1024","br00",21,"Female","2",0.893661600013729,"r","r","logfile_br00_2021_Dec_13_1024_2.csv","r",1,"1"
"215",31,"2021_Dec_13_1024","br00",21,"Female","2",1.12631568900542,"y","y","logfile_br00_2021_Dec_13_1024_2.csv","y",1,"0"
"216",32,"2021_Dec_13_1024","br00",21,"Female","2",1.432373543008,"r","r","logfile_br00_2021_Dec_13_1024_2.csv","r",1,"1"
"217",33,"2021_Dec_13_1024","br00",21,"Female","2",0.788330332987243,"r","r","logfile_br00_2021_Dec_13_1024_2.csv","r",1,"1"
"218",34,"2021_Dec_13_1024","br00",21,"Female","2",2.2362942850159,"r","r","logfile_br00_2021_Dec_13_1024_2.csv","r",1,"1"
"219",35,"2021_Dec_13_1024","br00",21,"Female","2",1.17318041299586,"y","y","logfile_br00_2021_Dec_13_1024_2.csv","y",1,"0"
"220",36,"2021_Dec_13_1024","br00",21,"Female","2",1.21798482100712,"r","r","logfile_br00_2021_Dec_13_1024_2.csv","r",1,"1"
"221",37,"2021_Dec_13_1024","br00",21,"Female","2",0.665085753018502,"r","r","logfile_br00_2021_Dec_13_1024_2.csv","r",1,"1"
"222",38,"2021_Dec_13_1024","br00",21,"Female","2",0.494230738986516,"r","r","logfile_br00_2021_Dec_13_1024_2.csv","r",1,"1"
"223",39,"2021_Dec_13_1024","br00",21,"Female","2",0.463363375980407,"r","r","logfile_br00_2021_Dec_13_1024_2.csv","r",1,"1"
"224",40,"2021_Dec_13_1024","br00",21,"Female","2",0.422635091992561,"r","r","logfile_br00_2021_Dec_13_1024_2.csv","r",1,"1"
"225",41,"2021_Dec_13_1024","br00",21,"Female","2",0.553296828002203,"r","r","logfile_br00_2021_Dec_13_1024_2.csv","r",1,"1"
"226",42,"2021_Dec_13_1024","br00",21,"Female","2",2.30787599299219,"y","y","logfile_br00_2021_Dec_13_1024_2.csv","y",1,"0"
"227",43,"2021_Dec_13_1024","br00",21,"Female","2",0.696786446002079,"y","y","logfile_br00_2021_Dec_13_1024_2.csv","y",1,"0"
"228",44,"2021_Dec_13_1024","br00",21,"Female","2",1.11080244299956,"r","r","logfile_br00_2021_Dec_13_1024_2.csv","r",1,"1"
"229",45,"2021_Dec_13_1024","br00",21,"Female","2",1.42221903501195,"y","y","logfile_br00_2021_Dec_13_1024_2.csv","y",1,"0"
"230",46,"2021_Dec_13_1024","br00",21,"Female","2",0.9806397529901,"y","y","logfile_br00_2021_Dec_13_1024_2.csv","y",1,"0"
"231",47,"2021_Dec_13_1024","br00",21,"Female","2",0.578659888997208,"y","y","logfile_br00_2021_Dec_13_1024_2.csv","y",1,"0"
"232",48,"2021_Dec_13_1024","br00",21,"Female","2",0.831237940001301,"y","y","logfile_br00_2021_Dec_13_1024_2.csv","y",1,"0"
"233",49,"2021_Dec_13_1024","br00",21,"Female","2",1.02262375401915,"r","r","logfile_br00_2021_Dec_13_1024_2.csv","r",1,"1"
"234",50,"2021_Dec_13_1024","br00",21,"Female","2",0.692772139009321,"r","r","logfile_br00_2021_Dec_13_1024_2.csv","r",1,"1"
"235",51,"2021_Dec_13_1024","br00",21,"Female","2",0.916534785006661,"y","y","logfile_br00_2021_Dec_13_1024_2.csv","y",1,"0"
"236",52,"2021_Dec_13_1024","br00",21,"Female","2",0.693969521991676,"y","y","logfile_br00_2021_Dec_13_1024_2.csv","y",1,"0"
"237",53,"2021_Dec_13_1024","br00",21,"Female","2",0.800097906991141,"r","r","logfile_br00_2021_Dec_13_1024_2.csv","r",1,"1"
"238",54,"2021_Dec_13_1024","br00",21,"Female","2",0.870859579998069,"y","y","logfile_br00_2021_Dec_13_1024_2.csv","y",1,"0"
"239",55,"2021_Dec_13_1024","br00",21,"Female","2",0.490345817990601,"y","y","logfile_br00_2021_Dec_13_1024_2.csv","y",1,"0"
"240",56,"2021_Dec_13_1024","br00",21,"Female","2",0.494964243989671,"r","r","logfile_br00_2021_Dec_13_1024_2.csv","r",1,"1"
"241",57,"2021_Dec_13_1024","br00",21,"Female","2",0.602296473021852,"r","r","logfile_br00_2021_Dec_13_1024_2.csv","r",1,"1"
"242",58,"2021_Dec_13_1024","br00",21,"Female","2",0.514563848992111,"r","r","logfile_br00_2021_Dec_13_1024_2.csv","r",1,"1"
"243",59,"2021_Dec_13_1024","br00",21,"Female","2",0.493779041978996,"y","y","logfile_br00_2021_Dec_13_1024_2.csv","y",1,"0"
"244",0,"2021_Dec_13_1247","fred",24,"Male","2",2.28365373800625,"r","r","logfile_fred_2021_Dec_13_1247_2.csv","r",1,"1"
"245",1,"2021_Dec_13_1247","fred",24,"Male","2",3.02324018598301,"r","r","logfile_fred_2021_Dec_13_1247_2.csv","r",1,"1"
"246",2,"2021_Dec_13_1247","fred",24,"Male","2",1.33369659201708,"y","y","logfile_fred_2021_Dec_13_1247_2.csv","y",1,"0"
"247",3,"2021_Dec_13_1247","fred",24,"Male","2",1.14115218599909,"r","r","logfile_fred_2021_Dec_13_1247_2.csv","r",1,"1"
"248",4,"2021_Dec_13_1247","fred",24,"Male","2",1.09075967900571,"y","y","logfile_fred_2021_Dec_13_1247_2.csv","y",1,"0"
"249",5,"2021_Dec_13_1247","fred",24,"Male","2",2.35927901798277,"y","y","logfile_fred_2021_Dec_13_1247_2.csv","y",1,"0"
"250",6,"2021_Dec_13_1247","fred",24,"Male","2",0.857115741993766,"r","r","logfile_fred_2021_Dec_13_1247_2.csv","r",1,"1"
"251",7,"2021_Dec_13_1247","fred",24,"Male","2",1.92451520598843,"y","y","logfile_fred_2021_Dec_13_1247_2.csv","y",1,"0"
"252",8,"2021_Dec_13_1247","fred",24,"Male","2",1.77790255201398,"y","y","logfile_fred_2021_Dec_13_1247_2.csv","y",1,"0"
"253",9,"2021_Dec_13_1247","fred",24,"Male","2",1.05158502198174,"r","r","logfile_fred_2021_Dec_13_1247_2.csv","r",1,"1"
"254",10,"2021_Dec_13_1247","fred",24,"Male","2",1.12916318999487,"y","y","logfile_fred_2021_Dec_13_1247_2.csv","y",1,"0"
"255",11,"2021_Dec_13_1247","fred",24,"Male","2",1.30481835000683,"y","y","logfile_fred_2021_Dec_13_1247_2.csv","y",1,"0"
"256",12,"2021_Dec_13_1247","fred",24,"Male","2",0.723153533006553,"r","r","logfile_fred_2021_Dec_13_1247_2.csv","r",1,"1"
"257",13,"2021_Dec_13_1247","fred",24,"Male","2",0.731211453996366,"r","r","logfile_fred_2021_Dec_13_1247_2.csv","r",1,"1"
"258",14,"2021_Dec_13_1247","fred",24,"Male","2",0.769390812987695,"y","y","logfile_fred_2021_Dec_13_1247_2.csv","y",1,"0"
"259",15,"2021_Dec_13_1247","fred",24,"Male","2",0.776670632010791,"r","r","logfile_fred_2021_Dec_13_1247_2.csv","r",1,"1"
"260",16,"2021_Dec_13_1247","fred",24,"Male","2",1.39789650699822,"r","r","logfile_fred_2021_Dec_13_1247_2.csv","r",1,"1"
"261",17,"2021_Dec_13_1247","fred",24,"Male","2",0.745484298997326,"y","y","logfile_fred_2021_Dec_13_1247_2.csv","y",1,"0"
"262",18,"2021_Dec_13_1247","fred",24,"Male","2",0.976109777024249,"r","r","logfile_fred_2021_Dec_13_1247_2.csv","r",1,"1"
"263",19,"2021_Dec_13_1247","fred",24,"Male","2",1.35162091601524,"r","r","logfile_fred_2021_Dec_13_1247_2.csv","r",1,"1"
"264",20,"2021_Dec_13_1247","fred",24,"Male","2",0.925890816986794,"y","y","logfile_fred_2021_Dec_13_1247_2.csv","y",1,"0"
"265",21,"2021_Dec_13_1247","fred",24,"Male","2",1.15927701100009,"y","y","logfile_fred_2021_Dec_13_1247_2.csv","y",1,"0"
"266",22,"2021_Dec_13_1247","fred",24,"Male","2",0.802086140000029,"r","r","logfile_fred_2021_Dec_13_1247_2.csv","r",1,"1"
"267",23,"2021_Dec_13_1247","fred",24,"Male","2",0.962444877979578,"r","r","logfile_fred_2021_Dec_13_1247_2.csv","r",1,"1"
"268",24,"2021_Dec_13_1247","fred",24,"Male","2",0.903139447007561,"r","r","logfile_fred_2021_Dec_13_1247_2.csv","r",1,"1"
"269",25,"2021_Dec_13_1247","fred",24,"Male","2",1.69508828199469,"r","r","logfile_fred_2021_Dec_13_1247_2.csv","r",1,"1"
"270",26,"2021_Dec_13_1247","fred",24,"Male","2",1.21867667601327,"y","y","logfile_fred_2021_Dec_13_1247_2.csv","y",1,"0"
"271",27,"2021_Dec_13_1247","fred",24,"Male","2",0.88946331400075,"y","y","logfile_fred_2021_Dec_13_1247_2.csv","y",1,"0"
"272",28,"2021_Dec_13_1247","fred",24,"Male","2",0.709371909004403,"y","y","logfile_fred_2021_Dec_13_1247_2.csv","y",1,"0"
"273",29,"2021_Dec_13_1247","fred",24,"Male","2",2.02860355901066,"r","r","logfile_fred_2021_Dec_13_1247_2.csv","r",1,"1"
"274",30,"2021_Dec_13_1247","fred",24,"Male","2",1.15816212299978,"r","r","logfile_fred_2021_Dec_13_1247_2.csv","r",1,"1"
"275",31,"2021_Dec_13_1247","fred",24,"Male","2",1.13458182499744,"y","y","logfile_fred_2021_Dec_13_1247_2.csv","y",1,"0"
"276",32,"2021_Dec_13_1247","fred",24,"Male","2",1.3685960000148,"r","r","logfile_fred_2021_Dec_13_1247_2.csv","r",1,"1"
"277",33,"2021_Dec_13_1247","fred",24,"Male","2",1.25551046000328,"y","y","logfile_fred_2021_Dec_13_1247_2.csv","y",1,"0"
"278",34,"2021_Dec_13_1247","fred",24,"Male","2",0.719315584981814,"y","y","logfile_fred_2021_Dec_13_1247_2.csv","y",1,"0"
"279",35,"2021_Dec_13_1247","fred",24,"Male","2",0.983780775015475,"r","r","logfile_fred_2021_Dec_13_1247_2.csv","r",1,"1"
"280",36,"2021_Dec_13_1247","fred",24,"Male","2",0.871703284996329,"r","r","logfile_fred_2021_Dec_13_1247_2.csv","r",1,"1"
"281",37,"2021_Dec_13_1247","fred",24,"Male","2",0.891252885980066,"y","y","logfile_fred_2021_Dec_13_1247_2.csv","y",1,"0"
"282",38,"2021_Dec_13_1247","fred",24,"Male","2",0.62760031101061,"y","y","logfile_fred_2021_Dec_13_1247_2.csv","y",1,"0"
"283",39,"2021_Dec_13_1247","fred",24,"Male","2",0.893527100997744,"r","r","logfile_fred_2021_Dec_13_1247_2.csv","r",1,"1"
"284",40,"2021_Dec_13_1247","fred",24,"Male","2",1.00021237900364,"r","r","logfile_fred_2021_Dec_13_1247_2.csv","r",1,"1"
"285",41,"2021_Dec_13_1247","fred",24,"Male","2",0.761766542011173,"r","r","logfile_fred_2021_Dec_13_1247_2.csv","r",1,"1"
"286",42,"2021_Dec_13_1247","fred",24,"Male","2",0.701461396995001,"y","y","logfile_fred_2021_Dec_13_1247_2.csv","y",1,"0"
"287",43,"2021_Dec_13_1247","fred",24,"Male","2",0.757145103998482,"r","r","logfile_fred_2021_Dec_13_1247_2.csv","r",1,"1"
"288",44,"2021_Dec_13_1247","fred",24,"Male","2",1.46811230000458,"r","r","logfile_fred_2021_Dec_13_1247_2.csv","r",1,"1"
"289",45,"2021_Dec_13_1247","fred",24,"Male","2",0.643595475994516,"y","y","logfile_fred_2021_Dec_13_1247_2.csv","y",1,"0"
"290",46,"2021_Dec_13_1247","fred",24,"Male","2",0.951554681989364,"y","y","logfile_fred_2021_Dec_13_1247_2.csv","y",1,"0"
"291",47,"2021_Dec_13_1247","fred",24,"Male","2",1.1187084169942,"y","y","logfile_fred_2021_Dec_13_1247_2.csv","y",1,"0"
"292",48,"2021_Dec_13_1247","fred",24,"Male","2",0.808614023990231,"y","y","logfile_fred_2021_Dec_13_1247_2.csv","y",1,"0"
"293",49,"2021_Dec_13_1247","fred",24,"Male","2",0.845466161001241,"r","r","logfile_fred_2021_Dec_13_1247_2.csv","r",1,"1"
"294",50,"2021_Dec_13_1247","fred",24,"Male","2",0.682411431014771,"y","y","logfile_fred_2021_Dec_13_1247_2.csv","y",1,"0"
"295",51,"2021_Dec_13_1247","fred",24,"Male","2",1.45263454399537,"r","r","logfile_fred_2021_Dec_13_1247_2.csv","r",1,"1"
"296",52,"2021_Dec_13_1247","fred",24,"Male","2",0.916779967985349,"r","r","logfile_fred_2021_Dec_13_1247_2.csv","r",1,"1"
"297",53,"2021_Dec_13_1247","fred",24,"Male","2",1.39261162100593,"y","y","logfile_fred_2021_Dec_13_1247_2.csv","y",1,"0"
"298",54,"2021_Dec_13_1247","fred",24,"Male","2",0.959580203983933,"y","y","logfile_fred_2021_Dec_13_1247_2.csv","y",1,"0"
"299",55,"2021_Dec_13_1247","fred",24,"Male","2",1.12842631500098,"y","y","logfile_fred_2021_Dec_13_1247_2.csv","y",1,"0"
"300",56,"2021_Dec_13_1247","fred",24,"Male","2",0.968518128996948,"r","r","logfile_fred_2021_Dec_13_1247_2.csv","r",1,"1"
"301",57,"2021_Dec_13_1247","fred",24,"Male","2",0.727677549992222,"y","y","logfile_fred_2021_Dec_13_1247_2.csv","y",1,"0"
"302",58,"2021_Dec_13_1247","fred",24,"Male","2",0.530491973011522,"y","y","logfile_fred_2021_Dec_13_1247_2.csv","y",1,"0"
"303",59,"2021_Dec_13_1247","fred",24,"Male","2",1.19170572201256,"r","r","logfile_fred_2021_Dec_13_1247_2.csv","r",1,"1"
"304",0,"2021_Dec_13_1008","hej",23,"Female","2",3.0994949050073,"r","r","logfile_hej_2021_Dec_13_1008_2.csv","r",1,"1"
"305",1,"2021_Dec_13_1008","hej",23,"Female","2",2.81131111001014,"r","r","logfile_hej_2021_Dec_13_1008_2.csv","r",1,"1"
"306",2,"2021_Dec_13_1008","hej",23,"Female","2",3.0413285039831,"y","y","logfile_hej_2021_Dec_13_1008_2.csv","y",1,"0"
"307",3,"2021_Dec_13_1008","hej",23,"Female","2",2.943801721005,"r","r","logfile_hej_2021_Dec_13_1008_2.csv","r",1,"1"
"308",4,"2021_Dec_13_1008","hej",23,"Female","2",3.21218942798441,"y","y","logfile_hej_2021_Dec_13_1008_2.csv","y",1,"0"
"309",5,"2021_Dec_13_1008","hej",23,"Female","2",2.56144688499626,"y","y","logfile_hej_2021_Dec_13_1008_2.csv","y",1,"0"
"310",6,"2021_Dec_13_1008","hej",23,"Female","2",1.40984623102122,"y","y","logfile_hej_2021_Dec_13_1008_2.csv","y",1,"0"
"311",7,"2021_Dec_13_1008","hej",23,"Female","2",2.65549042800558,"r","r","logfile_hej_2021_Dec_13_1008_2.csv","r",1,"1"
"312",9,"2021_Dec_13_1008","hej",23,"Female","2",1.39365419899696,"y","y","logfile_hej_2021_Dec_13_1008_2.csv","y",1,"0"
"313",10,"2021_Dec_13_1008","hej",23,"Female","2",1.33835072899819,"r","r","logfile_hej_2021_Dec_13_1008_2.csv","r",1,"1"
"314",11,"2021_Dec_13_1008","hej",23,"Female","2",1.46798062199377,"y","y","logfile_hej_2021_Dec_13_1008_2.csv","y",1,"0"
"315",12,"2021_Dec_13_1008","hej",23,"Female","2",1.06865840998944,"y","y","logfile_hej_2021_Dec_13_1008_2.csv","y",1,"0"
"316",13,"2021_Dec_13_1008","hej",23,"Female","2",0.785270719003165,"y","y","logfile_hej_2021_Dec_13_1008_2.csv","y",1,"0"
"317",14,"2021_Dec_13_1008","hej",23,"Female","2",1.16862576501444,"r","r","logfile_hej_2021_Dec_13_1008_2.csv","r",1,"1"
"318",16,"2021_Dec_13_1008","hej",23,"Female","2",1.32876996000414,"y","y","logfile_hej_2021_Dec_13_1008_2.csv","y",1,"0"
"319",17,"2021_Dec_13_1008","hej",23,"Female","2",2.65085542100132,"r","r","logfile_hej_2021_Dec_13_1008_2.csv","r",1,"1"
"320",19,"2021_Dec_13_1008","hej",23,"Female","2",0.901585481973598,"y","y","logfile_hej_2021_Dec_13_1008_2.csv","y",1,"0"
"321",20,"2021_Dec_13_1008","hej",23,"Female","2",2.66804045901517,"y","y","logfile_hej_2021_Dec_13_1008_2.csv","y",1,"0"
"322",21,"2021_Dec_13_1008","hej",23,"Female","2",1.14526564499829,"r","r","logfile_hej_2021_Dec_13_1008_2.csv","r",1,"1"
"323",22,"2021_Dec_13_1008","hej",23,"Female","2",0.698350958002266,"r","r","logfile_hej_2021_Dec_13_1008_2.csv","r",1,"1"
"324",24,"2021_Dec_13_1008","hej",23,"Female","2",0.756423832004657,"r","r","logfile_hej_2021_Dec_13_1008_2.csv","r",1,"1"
"325",25,"2021_Dec_13_1008","hej",23,"Female","2",0.905584832013119,"y","y","logfile_hej_2021_Dec_13_1008_2.csv","y",1,"0"
"326",26,"2021_Dec_13_1008","hej",23,"Female","2",0.868458441022085,"y","y","logfile_hej_2021_Dec_13_1008_2.csv","y",1,"0"
"327",27,"2021_Dec_13_1008","hej",23,"Female","2",1.15749271999812,"r","r","logfile_hej_2021_Dec_13_1008_2.csv","r",1,"1"
"328",28,"2021_Dec_13_1008","hej",23,"Female","2",0.970989595982246,"y","y","logfile_hej_2021_Dec_13_1008_2.csv","y",1,"0"
"329",29,"2021_Dec_13_1008","hej",23,"Female","2",0.71129870400182,"y","y","logfile_hej_2021_Dec_13_1008_2.csv","y",1,"0"
"330",31,"2021_Dec_13_1008","hej",23,"Female","2",3.09020531599526,"r","r","logfile_hej_2021_Dec_13_1008_2.csv","r",1,"1"
"331",32,"2021_Dec_13_1008","hej",23,"Female","2",1.99950234498829,"y","y","logfile_hej_2021_Dec_13_1008_2.csv","y",1,"0"
"332",33,"2021_Dec_13_1008","hej",23,"Female","2",1.08087586797774,"r","r","logfile_hej_2021_Dec_13_1008_2.csv","r",1,"1"
"333",34,"2021_Dec_13_1008","hej",23,"Female","2",2.50139550099266,"y","y","logfile_hej_2021_Dec_13_1008_2.csv","y",1,"0"
"334",35,"2021_Dec_13_1008","hej",23,"Female","2",1.26093389801099,"r","r","logfile_hej_2021_Dec_13_1008_2.csv","r",1,"1"
"335",36,"2021_Dec_13_1008","hej",23,"Female","2",0.796840662980685,"r","r","logfile_hej_2021_Dec_13_1008_2.csv","r",1,"1"
"336",37,"2021_Dec_13_1008","hej",23,"Female","2",0.608131532004336,"y","y","logfile_hej_2021_Dec_13_1008_2.csv","y",1,"0"
"337",38,"2021_Dec_13_1008","hej",23,"Female","2",1.0903241460037,"y","y","logfile_hej_2021_Dec_13_1008_2.csv","y",1,"0"
"338",39,"2021_Dec_13_1008","hej",23,"Female","2",0.88942271497217,"y","y","logfile_hej_2021_Dec_13_1008_2.csv","y",1,"0"
"339",40,"2021_Dec_13_1008","hej",23,"Female","2",0.666116275009699,"y","y","logfile_hej_2021_Dec_13_1008_2.csv","y",1,"0"
"340",41,"2021_Dec_13_1008","hej",23,"Female","2",1.00489068601746,"r","r","logfile_hej_2021_Dec_13_1008_2.csv","r",1,"1"
"341",42,"2021_Dec_13_1008","hej",23,"Female","2",1.05258980102371,"y","y","logfile_hej_2021_Dec_13_1008_2.csv","y",1,"0"
"342",43,"2021_Dec_13_1008","hej",23,"Female","2",0.906237913994119,"y","y","logfile_hej_2021_Dec_13_1008_2.csv","y",1,"0"
"343",44,"2021_Dec_13_1008","hej",23,"Female","2",0.912440324987983,"r","r","logfile_hej_2021_Dec_13_1008_2.csv","r",1,"1"
"344",45,"2021_Dec_13_1008","hej",23,"Female","2",1.50150579199544,"y","y","logfile_hej_2021_Dec_13_1008_2.csv","y",1,"0"
"345",46,"2021_Dec_13_1008","hej",23,"Female","2",1.22944600600749,"r","r","logfile_hej_2021_Dec_13_1008_2.csv","r",1,"1"
"346",47,"2021_Dec_13_1008","hej",23,"Female","2",1.03862504599965,"r","r","logfile_hej_2021_Dec_13_1008_2.csv","r",1,"1"
"347",48,"2021_Dec_13_1008","hej",23,"Female","2",1.69951051200042,"r","r","logfile_hej_2021_Dec_13_1008_2.csv","r",1,"1"
"348",49,"2021_Dec_13_1008","hej",23,"Female","2",0.919994616007898,"y","y","logfile_hej_2021_Dec_13_1008_2.csv","y",1,"0"
"349",50,"2021_Dec_13_1008","hej",23,"Female","2",0.901005558000179,"y","y","logfile_hej_2021_Dec_13_1008_2.csv","y",1,"0"
"350",51,"2021_Dec_13_1008","hej",23,"Female","2",1.11167565800133,"r","r","logfile_hej_2021_Dec_13_1008_2.csv","r",1,"1"
"351",52,"2021_Dec_13_1008","hej",23,"Female","2",1.06387676400482,"r","r","logfile_hej_2021_Dec_13_1008_2.csv","r",1,"1"
"352",53,"2021_Dec_13_1008","hej",23,"Female","2",1.09424507201766,"r","r","logfile_hej_2021_Dec_13_1008_2.csv","r",1,"1"
"353",54,"2021_Dec_13_1008","hej",23,"Female","2",1.30748680600664,"r","r","logfile_hej_2021_Dec_13_1008_2.csv","r",1,"1"
"354",55,"2021_Dec_13_1008","hej",23,"Female","2",2.19697614200413,"y","y","logfile_hej_2021_Dec_13_1008_2.csv","y",1,"0"
"355",56,"2021_Dec_13_1008","hej",23,"Female","2",1.46529213199392,"r","r","logfile_hej_2021_Dec_13_1008_2.csv","r",1,"1"
"356",57,"2021_Dec_13_1008","hej",23,"Female","2",0.931349660997512,"r","r","logfile_hej_2021_Dec_13_1008_2.csv","r",1,"1"
"357",58,"2021_Dec_13_1008","hej",23,"Female","2",2.91701937600737,"r","r","logfile_hej_2021_Dec_13_1008_2.csv","r",1,"1"
"358",59,"2021_Dec_13_1008","hej",23,"Female","2",1.62633831298444,"y","y","logfile_hej_2021_Dec_13_1008_2.csv","y",1,"0"
"359",0,"2021_Dec_13_1456","hejviprøverigen",22,"Female","0",0.629882491979515,"r","r","logfile_hejviprøverigen_2021_Dec_13_1456_0.csv","r",1,"0"
"360",1,"2021_Dec_13_1456","hejviprøverigen",22,"Female","0",0.548114245000761,"y","y","logfile_hejviprøverigen_2021_Dec_13_1456_0.csv","y",1,"0"
"361",3,"2021_Dec_13_1456","hejviprøverigen",22,"Female","0",2.39709996798774,"r","r","logfile_hejviprøverigen_2021_Dec_13_1456_0.csv","r",1,"0"
"362",4,"2021_Dec_13_1456","hejviprøverigen",22,"Female","0",0.536601611995138,"y","y","logfile_hejviprøverigen_2021_Dec_13_1456_0.csv","y",1,"0"
"363",5,"2021_Dec_13_1456","hejviprøverigen",22,"Female","0",0.868141835991992,"r","r","logfile_hejviprøverigen_2021_Dec_13_1456_0.csv","r",1,"0"
"364",6,"2021_Dec_13_1456","hejviprøverigen",22,"Female","0",2.03732132702135,"r","r","logfile_hejviprøverigen_2021_Dec_13_1456_0.csv","r",1,"0"
"365",7,"2021_Dec_13_1456","hejviprøverigen",22,"Female","0",0.723219993000384,"y","y","logfile_hejviprøverigen_2021_Dec_13_1456_0.csv","y",1,"0"
"366",8,"2021_Dec_13_1456","hejviprøverigen",22,"Female","0",0.723057864001021,"y","y","logfile_hejviprøverigen_2021_Dec_13_1456_0.csv","y",1,"0"
"367",9,"2021_Dec_13_1456","hejviprøverigen",22,"Female","0",0.804781911981991,"r","r","logfile_hejviprøverigen_2021_Dec_13_1456_0.csv","r",1,"0"
"368",10,"2021_Dec_13_1456","hejviprøverigen",22,"Female","0",0.80567759097903,"r","r","logfile_hejviprøverigen_2021_Dec_13_1456_0.csv","r",1,"0"
"369",12,"2021_Dec_13_1456","hejviprøverigen",22,"Female","0",1.09594614000525,"y","y","logfile_hejviprøverigen_2021_Dec_13_1456_0.csv","y",1,"0"
"370",13,"2021_Dec_13_1456","hejviprøverigen",22,"Female","0",0.786948467983166,"r","r","logfile_hejviprøverigen_2021_Dec_13_1456_0.csv","r",1,"0"
"371",14,"2021_Dec_13_1456","hejviprøverigen",22,"Female","0",0.727911024005152,"y","y","logfile_hejviprøverigen_2021_Dec_13_1456_0.csv","y",1,"0"
"372",15,"2021_Dec_13_1456","hejviprøverigen",22,"Female","0",1.42499521799618,"r","r","logfile_hejviprøverigen_2021_Dec_13_1456_0.csv","r",1,"0"
"373",16,"2021_Dec_13_1456","hejviprøverigen",22,"Female","0",2.84864810798899,"r","r","logfile_hejviprøverigen_2021_Dec_13_1456_0.csv","r",1,"0"
"374",18,"2021_Dec_13_1456","hejviprøverigen",22,"Female","0",2.31920416399953,"y","y","logfile_hejviprøverigen_2021_Dec_13_1456_0.csv","y",1,"0"
"375",19,"2021_Dec_13_1456","hejviprøverigen",22,"Female","0",0.888723493990256,"r","r","logfile_hejviprøverigen_2021_Dec_13_1456_0.csv","r",1,"0"
"376",21,"2021_Dec_13_1456","hejviprøverigen",22,"Female","0",0.520812678005314,"r","r","logfile_hejviprøverigen_2021_Dec_13_1456_0.csv","r",1,"0"
"377",22,"2021_Dec_13_1456","hejviprøverigen",22,"Female","0",2.80105782099417,"r","r","logfile_hejviprøverigen_2021_Dec_13_1456_0.csv","r",1,"0"
"378",23,"2021_Dec_13_1456","hejviprøverigen",22,"Female","0",0.869021736987634,"r","r","logfile_hejviprøverigen_2021_Dec_13_1456_0.csv","r",1,"0"
"379",24,"2021_Dec_13_1456","hejviprøverigen",22,"Female","0",1.26744222498382,"y","y","logfile_hejviprøverigen_2021_Dec_13_1456_0.csv","y",1,"0"
"380",25,"2021_Dec_13_1456","hejviprøverigen",22,"Female","0",1.36530399500043,"r","r","logfile_hejviprøverigen_2021_Dec_13_1456_0.csv","r",1,"0"
"381",26,"2021_Dec_13_1456","hejviprøverigen",22,"Female","0",0.644047773996135,"y","y","logfile_hejviprøverigen_2021_Dec_13_1456_0.csv","y",1,"0"
"382",27,"2021_Dec_13_1456","hejviprøverigen",22,"Female","0",1.27128872901085,"y","y","logfile_hejviprøverigen_2021_Dec_13_1456_0.csv","y",1,"0"
"383",28,"2021_Dec_13_1456","hejviprøverigen",22,"Female","0",1.86172979298863,"r","r","logfile_hejviprøverigen_2021_Dec_13_1456_0.csv","r",1,"0"
"384",29,"2021_Dec_13_1456","hejviprøverigen",22,"Female","0",1.03334935201565,"y","y","logfile_hejviprøverigen_2021_Dec_13_1456_0.csv","y",1,"0"
"385",30,"2021_Dec_13_1456","hejviprøverigen",22,"Female","0",0.799252890981734,"r","r","logfile_hejviprøverigen_2021_Dec_13_1456_0.csv","r",1,"0"
"386",31,"2021_Dec_13_1456","hejviprøverigen",22,"Female","0",1.5144509949896,"r","r","logfile_hejviprøverigen_2021_Dec_13_1456_0.csv","r",1,"0"
"387",32,"2021_Dec_13_1456","hejviprøverigen",22,"Female","0",0.641154646000359,"r","r","logfile_hejviprøverigen_2021_Dec_13_1456_0.csv","r",1,"0"
"388",33,"2021_Dec_13_1456","hejviprøverigen",22,"Female","0",0.972654065000825,"y","y","logfile_hejviprøverigen_2021_Dec_13_1456_0.csv","y",1,"0"
"389",34,"2021_Dec_13_1456","hejviprøverigen",22,"Female","0",0.65671908200602,"y","y","logfile_hejviprøverigen_2021_Dec_13_1456_0.csv","y",1,"0"
"390",35,"2021_Dec_13_1456","hejviprøverigen",22,"Female","0",0.516069012985099,"y","y","logfile_hejviprøverigen_2021_Dec_13_1456_0.csv","y",1,"0"
"391",36,"2021_Dec_13_1456","hejviprøverigen",22,"Female","0",0.614879886008566,"y","y","logfile_hejviprøverigen_2021_Dec_13_1456_0.csv","y",1,"0"
"392",37,"2021_Dec_13_1456","hejviprøverigen",22,"Female","0",1.05848046101164,"y","y","logfile_hejviprøverigen_2021_Dec_13_1456_0.csv","y",1,"0"
"393",38,"2021_Dec_13_1456","hejviprøverigen",22,"Female","0",0.563350793992868,"y","y","logfile_hejviprøverigen_2021_Dec_13_1456_0.csv","y",1,"0"
"394",39,"2021_Dec_13_1456","hejviprøverigen",22,"Female","0",1.33622633302002,"y","y","logfile_hejviprøverigen_2021_Dec_13_1456_0.csv","y",1,"0"
"395",40,"2021_Dec_13_1456","hejviprøverigen",22,"Female","0",1.25157216598745,"r","r","logfile_hejviprøverigen_2021_Dec_13_1456_0.csv","r",1,"0"
"396",41,"2021_Dec_13_1456","hejviprøverigen",22,"Female","0",1.41275693598436,"r","r","logfile_hejviprøverigen_2021_Dec_13_1456_0.csv","r",1,"0"
"397",42,"2021_Dec_13_1456","hejviprøverigen",22,"Female","0",0.499371988989879,"y","y","logfile_hejviprøverigen_2021_Dec_13_1456_0.csv","y",1,"0"
"398",43,"2021_Dec_13_1456","hejviprøverigen",22,"Female","0",0.554424061992904,"y","y","logfile_hejviprøverigen_2021_Dec_13_1456_0.csv","y",1,"0"
"399",44,"2021_Dec_13_1456","hejviprøverigen",22,"Female","0",0.509456244006287,"y","y","logfile_hejviprøverigen_2021_Dec_13_1456_0.csv","y",1,"0"
"400",45,"2021_Dec_13_1456","hejviprøverigen",22,"Female","0",0.64215066601173,"y","y","logfile_hejviprøverigen_2021_Dec_13_1456_0.csv","y",1,"0"
"401",46,"2021_Dec_13_1456","hejviprøverigen",22,"Female","0",1.71159254599479,"r","r","logfile_hejviprøverigen_2021_Dec_13_1456_0.csv","r",1,"0"
"402",47,"2021_Dec_13_1456","hejviprøverigen",22,"Female","0",1.80620631098282,"r","r","logfile_hejviprøverigen_2021_Dec_13_1456_0.csv","r",1,"0"
"403",48,"2021_Dec_13_1456","hejviprøverigen",22,"Female","0",1.91281689397874,"r","r","logfile_hejviprøverigen_2021_Dec_13_1456_0.csv","r",1,"0"
"404",50,"2021_Dec_13_1456","hejviprøverigen",22,"Female","0",1.30176983098499,"y","y","logfile_hejviprøverigen_2021_Dec_13_1456_0.csv","y",1,"0"
"405",51,"2021_Dec_13_1456","hejviprøverigen",22,"Female","0",1.22655441399547,"r","r","logfile_hejviprøverigen_2021_Dec_13_1456_0.csv","r",1,"0"
"406",52,"2021_Dec_13_1456","hejviprøverigen",22,"Female","0",0.886636698007351,"y","y","logfile_hejviprøverigen_2021_Dec_13_1456_0.csv","y",1,"0"
"407",53,"2021_Dec_13_1456","hejviprøverigen",22,"Female","0",1.05002268098178,"y","y","logfile_hejviprøverigen_2021_Dec_13_1456_0.csv","y",1,"0"
"408",54,"2021_Dec_13_1456","hejviprøverigen",22,"Female","0",0.568705291021615,"y","y","logfile_hejviprøverigen_2021_Dec_13_1456_0.csv","y",1,"0"
"409",55,"2021_Dec_13_1456","hejviprøverigen",22,"Female","0",0.660306711011799,"y","y","logfile_hejviprøverigen_2021_Dec_13_1456_0.csv","y",1,"0"
"410",56,"2021_Dec_13_1456","hejviprøverigen",22,"Female","0",1.24979339700076,"y","y","logfile_hejviprøverigen_2021_Dec_13_1456_0.csv","y",1,"0"
"411",57,"2021_Dec_13_1456","hejviprøverigen",22,"Female","0",0.595504518016241,"r","r","logfile_hejviprøverigen_2021_Dec_13_1456_0.csv","r",1,"0"
"412",58,"2021_Dec_13_1456","hejviprøverigen",22,"Female","0",1.72658655399573,"r","r","logfile_hejviprøverigen_2021_Dec_13_1456_0.csv","r",1,"0"
"413",59,"2021_Dec_13_1456","hejviprøverigen",22,"Female","0",0.566579848004039,"y","y","logfile_hejviprøverigen_2021_Dec_13_1456_0.csv","y",1,"0"
"414",0,"2021_Dec_13_1418","hfdsz",23,"Female","1",1.16472466604318,"y","y","logfile_hfdsz_2021_Dec_13_1418_1.csv","y",1,"1"
"415",1,"2021_Dec_13_1418","hfdsz",23,"Female","1",0.916526874992996,"y","y","logfile_hfdsz_2021_Dec_13_1418_1.csv","y",1,"1"
"416",2,"2021_Dec_13_1418","hfdsz",23,"Female","1",1.63990333297988,"r","r","logfile_hfdsz_2021_Dec_13_1418_1.csv","r",1,"0"
"417",3,"2021_Dec_13_1418","hfdsz",23,"Female","1",0.811620166990906,"r","r","logfile_hfdsz_2021_Dec_13_1418_1.csv","r",1,"0"
"418",4,"2021_Dec_13_1418","hfdsz",23,"Female","1",2.89655012497678,"r","r","logfile_hfdsz_2021_Dec_13_1418_1.csv","r",1,"0"
"419",5,"2021_Dec_13_1418","hfdsz",23,"Female","1",1.34539370902348,"r","r","logfile_hfdsz_2021_Dec_13_1418_1.csv","r",1,"0"
"420",6,"2021_Dec_13_1418","hfdsz",23,"Female","1",1.15028891601833,"y","y","logfile_hfdsz_2021_Dec_13_1418_1.csv","y",1,"1"
"421",7,"2021_Dec_13_1418","hfdsz",23,"Female","1",0.515081375022419,"y","y","logfile_hfdsz_2021_Dec_13_1418_1.csv","y",1,"1"
"422",8,"2021_Dec_13_1418","hfdsz",23,"Female","1",0.553026625013445,"y","y","logfile_hfdsz_2021_Dec_13_1418_1.csv","y",1,"1"
"423",10,"2021_Dec_13_1418","hfdsz",23,"Female","1",0.807669207977597,"r","r","logfile_hfdsz_2021_Dec_13_1418_1.csv","r",1,"0"
"424",11,"2021_Dec_13_1418","hfdsz",23,"Female","1",1.43813991599018,"r","r","logfile_hfdsz_2021_Dec_13_1418_1.csv","r",1,"0"
"425",12,"2021_Dec_13_1418","hfdsz",23,"Female","1",1.6031954580103,"r","r","logfile_hfdsz_2021_Dec_13_1418_1.csv","r",1,"0"
"426",14,"2021_Dec_13_1418","hfdsz",23,"Female","1",0.532374083995819,"r","r","logfile_hfdsz_2021_Dec_13_1418_1.csv","r",1,"0"
"427",15,"2021_Dec_13_1418","hfdsz",23,"Female","1",0.713580625015311,"y","y","logfile_hfdsz_2021_Dec_13_1418_1.csv","y",1,"1"
"428",16,"2021_Dec_13_1418","hfdsz",23,"Female","1",1.52218845899915,"r","r","logfile_hfdsz_2021_Dec_13_1418_1.csv","r",1,"0"
"429",17,"2021_Dec_13_1418","hfdsz",23,"Female","1",0.959112167009152,"r","r","logfile_hfdsz_2021_Dec_13_1418_1.csv","r",1,"0"
"430",18,"2021_Dec_13_1418","hfdsz",23,"Female","1",1.07435445801821,"y","y","logfile_hfdsz_2021_Dec_13_1418_1.csv","y",1,"1"
"431",19,"2021_Dec_13_1418","hfdsz",23,"Female","1",2.20347233302891,"y","y","logfile_hfdsz_2021_Dec_13_1418_1.csv","y",1,"1"
"432",20,"2021_Dec_13_1418","hfdsz",23,"Female","1",1.02106033399468,"r","r","logfile_hfdsz_2021_Dec_13_1418_1.csv","r",1,"0"
"433",21,"2021_Dec_13_1418","hfdsz",23,"Female","1",1.59869212500053,"r","r","logfile_hfdsz_2021_Dec_13_1418_1.csv","r",1,"0"
"434",22,"2021_Dec_13_1418","hfdsz",23,"Female","1",0.860449167026673,"r","r","logfile_hfdsz_2021_Dec_13_1418_1.csv","r",1,"0"
"435",23,"2021_Dec_13_1418","hfdsz",23,"Female","1",2.06801416701637,"y","y","logfile_hfdsz_2021_Dec_13_1418_1.csv","y",1,"1"
"436",24,"2021_Dec_13_1418","hfdsz",23,"Female","1",1.96232258301461,"r","r","logfile_hfdsz_2021_Dec_13_1418_1.csv","r",1,"0"
"437",25,"2021_Dec_13_1418","hfdsz",23,"Female","1",0.821564749989193,"y","y","logfile_hfdsz_2021_Dec_13_1418_1.csv","y",1,"1"
"438",26,"2021_Dec_13_1418","hfdsz",23,"Female","1",0.622577834001277,"y","y","logfile_hfdsz_2021_Dec_13_1418_1.csv","y",1,"1"
"439",27,"2021_Dec_13_1418","hfdsz",23,"Female","1",0.579108499980066,"y","y","logfile_hfdsz_2021_Dec_13_1418_1.csv","y",1,"1"
"440",28,"2021_Dec_13_1418","hfdsz",23,"Female","1",0.585504499962553,"y","y","logfile_hfdsz_2021_Dec_13_1418_1.csv","y",1,"1"
"441",29,"2021_Dec_13_1418","hfdsz",23,"Female","1",1.03676491702208,"y","y","logfile_hfdsz_2021_Dec_13_1418_1.csv","y",1,"1"
"442",32,"2021_Dec_13_1418","hfdsz",23,"Female","1",3.15976704098284,"r","r","logfile_hfdsz_2021_Dec_13_1418_1.csv","r",1,"0"
"443",33,"2021_Dec_13_1418","hfdsz",23,"Female","1",0.562661666946951,"y","y","logfile_hfdsz_2021_Dec_13_1418_1.csv","y",1,"1"
"444",34,"2021_Dec_13_1418","hfdsz",23,"Female","1",0.572976708004717,"y","y","logfile_hfdsz_2021_Dec_13_1418_1.csv","y",1,"1"
"445",35,"2021_Dec_13_1418","hfdsz",23,"Female","1",2.37623562500812,"r","r","logfile_hfdsz_2021_Dec_13_1418_1.csv","r",1,"0"
"446",36,"2021_Dec_13_1418","hfdsz",23,"Female","1",1.87434762495104,"r","r","logfile_hfdsz_2021_Dec_13_1418_1.csv","r",1,"0"
"447",37,"2021_Dec_13_1418","hfdsz",23,"Female","1",2.97637808398576,"y","y","logfile_hfdsz_2021_Dec_13_1418_1.csv","y",1,"1"
"448",38,"2021_Dec_13_1418","hfdsz",23,"Female","1",2.09804879099829,"r","r","logfile_hfdsz_2021_Dec_13_1418_1.csv","r",1,"0"
"449",39,"2021_Dec_13_1418","hfdsz",23,"Female","1",0.566876208002213,"y","y","logfile_hfdsz_2021_Dec_13_1418_1.csv","y",1,"1"
"450",40,"2021_Dec_13_1418","hfdsz",23,"Female","1",2.39681154198479,"r","r","logfile_hfdsz_2021_Dec_13_1418_1.csv","r",1,"0"
"451",41,"2021_Dec_13_1418","hfdsz",23,"Female","1",0.762502832978498,"y","y","logfile_hfdsz_2021_Dec_13_1418_1.csv","y",1,"1"
"452",42,"2021_Dec_13_1418","hfdsz",23,"Female","1",0.758644749992527,"y","y","logfile_hfdsz_2021_Dec_13_1418_1.csv","y",1,"1"
"453",43,"2021_Dec_13_1418","hfdsz",23,"Female","1",1.22463341697585,"r","r","logfile_hfdsz_2021_Dec_13_1418_1.csv","r",1,"0"
"454",44,"2021_Dec_13_1418","hfdsz",23,"Female","1",0.766933124978095,"y","y","logfile_hfdsz_2021_Dec_13_1418_1.csv","y",1,"1"
"455",45,"2021_Dec_13_1418","hfdsz",23,"Female","1",0.678039999969769,"y","y","logfile_hfdsz_2021_Dec_13_1418_1.csv","y",1,"1"
"456",46,"2021_Dec_13_1418","hfdsz",23,"Female","1",0.72150770801818,"y","y","logfile_hfdsz_2021_Dec_13_1418_1.csv","y",1,"1"
"457",48,"2021_Dec_13_1418","hfdsz",23,"Female","1",1.23575995798456,"r","r","logfile_hfdsz_2021_Dec_13_1418_1.csv","r",1,"0"
"458",49,"2021_Dec_13_1418","hfdsz",23,"Female","1",0.812864125007764,"y","y","logfile_hfdsz_2021_Dec_13_1418_1.csv","y",1,"1"
"459",50,"2021_Dec_13_1418","hfdsz",23,"Female","1",1.56676554202568,"r","r","logfile_hfdsz_2021_Dec_13_1418_1.csv","r",1,"0"
"460",51,"2021_Dec_13_1418","hfdsz",23,"Female","1",1.12251604103949,"r","r","logfile_hfdsz_2021_Dec_13_1418_1.csv","r",1,"0"
"461",52,"2021_Dec_13_1418","hfdsz",23,"Female","1",0.916646708035842,"r","r","logfile_hfdsz_2021_Dec_13_1418_1.csv","r",1,"0"
"462",54,"2021_Dec_13_1418","hfdsz",23,"Female","1",2.39974749996327,"r","r","logfile_hfdsz_2021_Dec_13_1418_1.csv","r",1,"0"
"463",55,"2021_Dec_13_1418","hfdsz",23,"Female","1",1.56097500002943,"r","r","logfile_hfdsz_2021_Dec_13_1418_1.csv","r",1,"0"
"464",56,"2021_Dec_13_1418","hfdsz",23,"Female","1",2.29687399999239,"r","r","logfile_hfdsz_2021_Dec_13_1418_1.csv","r",1,"0"
"465",57,"2021_Dec_13_1418","hfdsz",23,"Female","1",0.800002500007395,"y","y","logfile_hfdsz_2021_Dec_13_1418_1.csv","y",1,"1"
"466",58,"2021_Dec_13_1418","hfdsz",23,"Female","1",2.44333266699687,"r","r","logfile_hfdsz_2021_Dec_13_1418_1.csv","r",1,"0"
"467",59,"2021_Dec_13_1418","hfdsz",23,"Female","1",0.705058749997988,"y","y","logfile_hfdsz_2021_Dec_13_1418_1.csv","y",1,"1"
"468",1,"2021_Dec_13_2217","Kirsten Birch",25,"Female","2",1.36834473995259,"r","r","logfile_Kirsten_Birch_2021_Dec_13_2217_2.csv","r",1,"1"
"469",2,"2021_Dec_13_2217","Kirsten Birch",25,"Female","2",1.39000161201693,"y","y","logfile_Kirsten_Birch_2021_Dec_13_2217_2.csv","y",1,"0"
"470",3,"2021_Dec_13_2217","Kirsten Birch",25,"Female","2",1.82065183104714,"y","y","logfile_Kirsten_Birch_2021_Dec_13_2217_2.csv","y",1,"0"
"471",4,"2021_Dec_13_2217","Kirsten Birch",25,"Female","2",2.01354762999108,"y","y","logfile_Kirsten_Birch_2021_Dec_13_2217_2.csv","y",1,"0"
"472",5,"2021_Dec_13_2217","Kirsten Birch",25,"Female","2",2.07080293894978,"r","r","logfile_Kirsten_Birch_2021_Dec_13_2217_2.csv","r",1,"1"
"473",6,"2021_Dec_13_2217","Kirsten Birch",25,"Female","2",0.800440814986359,"y","y","logfile_Kirsten_Birch_2021_Dec_13_2217_2.csv","y",1,"0"
"474",7,"2021_Dec_13_2217","Kirsten Birch",25,"Female","2",0.893312325992156,"y","y","logfile_Kirsten_Birch_2021_Dec_13_2217_2.csv","y",1,"0"
"475",8,"2021_Dec_13_2217","Kirsten Birch",25,"Female","2",0.812863074010238,"y","y","logfile_Kirsten_Birch_2021_Dec_13_2217_2.csv","y",1,"0"
"476",9,"2021_Dec_13_2217","Kirsten Birch",25,"Female","2",2.2716130920453,"y","y","logfile_Kirsten_Birch_2021_Dec_13_2217_2.csv","y",1,"0"
"477",10,"2021_Dec_13_2217","Kirsten Birch",25,"Female","2",1.01270886498969,"r","r","logfile_Kirsten_Birch_2021_Dec_13_2217_2.csv","r",1,"1"
"478",11,"2021_Dec_13_2217","Kirsten Birch",25,"Female","2",0.909489315003157,"y","y","logfile_Kirsten_Birch_2021_Dec_13_2217_2.csv","y",1,"0"
"479",12,"2021_Dec_13_2217","Kirsten Birch",25,"Female","2",0.805344766005874,"y","y","logfile_Kirsten_Birch_2021_Dec_13_2217_2.csv","y",1,"0"
"480",13,"2021_Dec_13_2217","Kirsten Birch",25,"Female","2",1.01072135503637,"y","y","logfile_Kirsten_Birch_2021_Dec_13_2217_2.csv","y",1,"0"
"481",14,"2021_Dec_13_2217","Kirsten Birch",25,"Female","2",0.847209181985818,"r","r","logfile_Kirsten_Birch_2021_Dec_13_2217_2.csv","r",1,"1"
"482",15,"2021_Dec_13_2217","Kirsten Birch",25,"Female","2",0.870947604009416,"r","r","logfile_Kirsten_Birch_2021_Dec_13_2217_2.csv","r",1,"1"
"483",18,"2021_Dec_13_2217","Kirsten Birch",25,"Female","2",1.95353022398194,"r","r","logfile_Kirsten_Birch_2021_Dec_13_2217_2.csv","r",1,"1"
"484",19,"2021_Dec_13_2217","Kirsten Birch",25,"Female","2",0.732961172994692,"r","r","logfile_Kirsten_Birch_2021_Dec_13_2217_2.csv","r",1,"1"
"485",20,"2021_Dec_13_2217","Kirsten Birch",25,"Female","2",0.819159753969871,"y","y","logfile_Kirsten_Birch_2021_Dec_13_2217_2.csv","y",1,"0"
"486",21,"2021_Dec_13_2217","Kirsten Birch",25,"Female","2",0.913839000044391,"r","r","logfile_Kirsten_Birch_2021_Dec_13_2217_2.csv","r",1,"1"
"487",22,"2021_Dec_13_2217","Kirsten Birch",25,"Female","2",2.26167437102413,"y","y","logfile_Kirsten_Birch_2021_Dec_13_2217_2.csv","y",1,"0"
"488",23,"2021_Dec_13_2217","Kirsten Birch",25,"Female","2",1.94573404896073,"y","y","logfile_Kirsten_Birch_2021_Dec_13_2217_2.csv","y",1,"0"
"489",24,"2021_Dec_13_2217","Kirsten Birch",25,"Female","2",1.42906573601067,"y","y","logfile_Kirsten_Birch_2021_Dec_13_2217_2.csv","y",1,"0"
"490",25,"2021_Dec_13_2217","Kirsten Birch",25,"Female","2",1.07065354799852,"y","y","logfile_Kirsten_Birch_2021_Dec_13_2217_2.csv","y",1,"0"
"491",26,"2021_Dec_13_2217","Kirsten Birch",25,"Female","2",1.45460722595453,"r","r","logfile_Kirsten_Birch_2021_Dec_13_2217_2.csv","r",1,"1"
"492",27,"2021_Dec_13_2217","Kirsten Birch",25,"Female","2",0.941727500990964,"y","y","logfile_Kirsten_Birch_2021_Dec_13_2217_2.csv","y",1,"0"
"493",28,"2021_Dec_13_2217","Kirsten Birch",25,"Female","2",0.637520887015853,"r","r","logfile_Kirsten_Birch_2021_Dec_13_2217_2.csv","r",1,"1"
"494",29,"2021_Dec_13_2217","Kirsten Birch",25,"Female","2",0.733379241020884,"r","r","logfile_Kirsten_Birch_2021_Dec_13_2217_2.csv","r",1,"1"
"495",30,"2021_Dec_13_2217","Kirsten Birch",25,"Female","2",0.679519832017832,"r","r","logfile_Kirsten_Birch_2021_Dec_13_2217_2.csv","r",1,"1"
"496",31,"2021_Dec_13_2217","Kirsten Birch",25,"Female","2",0.61395803198684,"r","r","logfile_Kirsten_Birch_2021_Dec_13_2217_2.csv","r",1,"1"
"497",32,"2021_Dec_13_2217","Kirsten Birch",25,"Female","2",0.87471722898772,"y","y","logfile_Kirsten_Birch_2021_Dec_13_2217_2.csv","y",1,"0"
"498",33,"2021_Dec_13_2217","Kirsten Birch",25,"Female","2",1.14413378102472,"r","r","logfile_Kirsten_Birch_2021_Dec_13_2217_2.csv","r",1,"1"
"499",34,"2021_Dec_13_2217","Kirsten Birch",25,"Female","2",1.77707609802019,"y","y","logfile_Kirsten_Birch_2021_Dec_13_2217_2.csv","y",1,"0"
"500",35,"2021_Dec_13_2217","Kirsten Birch",25,"Female","2",1.04850110900588,"r","r","logfile_Kirsten_Birch_2021_Dec_13_2217_2.csv","r",1,"1"
"501",36,"2021_Dec_13_2217","Kirsten Birch",25,"Female","2",1.01176244299859,"y","y","logfile_Kirsten_Birch_2021_Dec_13_2217_2.csv","y",1,"0"
"502",37,"2021_Dec_13_2217","Kirsten Birch",25,"Female","2",1.78599841101095,"y","y","logfile_Kirsten_Birch_2021_Dec_13_2217_2.csv","y",1,"0"
"503",38,"2021_Dec_13_2217","Kirsten Birch",25,"Female","2",0.920155326020904,"y","y","logfile_Kirsten_Birch_2021_Dec_13_2217_2.csv","y",1,"0"
"504",39,"2021_Dec_13_2217","Kirsten Birch",25,"Female","2",2.07923731702613,"r","r","logfile_Kirsten_Birch_2021_Dec_13_2217_2.csv","r",1,"1"
"505",40,"2021_Dec_13_2217","Kirsten Birch",25,"Female","2",2.04837827495066,"r","r","logfile_Kirsten_Birch_2021_Dec_13_2217_2.csv","r",1,"1"
"506",41,"2021_Dec_13_2217","Kirsten Birch",25,"Female","2",1.90579131100094,"r","r","logfile_Kirsten_Birch_2021_Dec_13_2217_2.csv","r",1,"1"
"507",42,"2021_Dec_13_2217","Kirsten Birch",25,"Female","2",1.51217593799811,"r","r","logfile_Kirsten_Birch_2021_Dec_13_2217_2.csv","r",1,"1"
"508",43,"2021_Dec_13_2217","Kirsten Birch",25,"Female","2",1.59617049602093,"y","y","logfile_Kirsten_Birch_2021_Dec_13_2217_2.csv","y",1,"0"
"509",44,"2021_Dec_13_2217","Kirsten Birch",25,"Female","2",2.43929187301546,"r","r","logfile_Kirsten_Birch_2021_Dec_13_2217_2.csv","r",1,"1"
"510",45,"2021_Dec_13_2217","Kirsten Birch",25,"Female","2",1.32202096097171,"y","y","logfile_Kirsten_Birch_2021_Dec_13_2217_2.csv","y",1,"0"
"511",46,"2021_Dec_13_2217","Kirsten Birch",25,"Female","2",1.37950489198556,"y","y","logfile_Kirsten_Birch_2021_Dec_13_2217_2.csv","y",1,"0"
"512",47,"2021_Dec_13_2217","Kirsten Birch",25,"Female","2",0.670843857980799,"r","r","logfile_Kirsten_Birch_2021_Dec_13_2217_2.csv","r",1,"1"
"513",48,"2021_Dec_13_2217","Kirsten Birch",25,"Female","2",1.75732462899759,"r","r","logfile_Kirsten_Birch_2021_Dec_13_2217_2.csv","r",1,"1"
"514",49,"2021_Dec_13_2217","Kirsten Birch",25,"Female","2",3.03321474598488,"r","r","logfile_Kirsten_Birch_2021_Dec_13_2217_2.csv","r",1,"1"
"515",50,"2021_Dec_13_2217","Kirsten Birch",25,"Female","2",0.675053017039318,"r","r","logfile_Kirsten_Birch_2021_Dec_13_2217_2.csv","r",1,"1"
"516",51,"2021_Dec_13_2217","Kirsten Birch",25,"Female","2",1.58031986100832,"r","r","logfile_Kirsten_Birch_2021_Dec_13_2217_2.csv","r",1,"1"
"517",52,"2021_Dec_13_2217","Kirsten Birch",25,"Female","2",0.664464209985454,"r","r","logfile_Kirsten_Birch_2021_Dec_13_2217_2.csv","r",1,"1"
"518",53,"2021_Dec_13_2217","Kirsten Birch",25,"Female","2",0.919011732039508,"y","y","logfile_Kirsten_Birch_2021_Dec_13_2217_2.csv","y",1,"0"
"519",54,"2021_Dec_13_2217","Kirsten Birch",25,"Female","2",0.621542443986982,"r","r","logfile_Kirsten_Birch_2021_Dec_13_2217_2.csv","r",1,"1"
"520",55,"2021_Dec_13_2217","Kirsten Birch",25,"Female","2",1.2009326480329,"y","y","logfile_Kirsten_Birch_2021_Dec_13_2217_2.csv","y",1,"0"
"521",57,"2021_Dec_13_2217","Kirsten Birch",25,"Female","2",2.02340116800042,"r","r","logfile_Kirsten_Birch_2021_Dec_13_2217_2.csv","r",1,"1"
"522",58,"2021_Dec_13_2217","Kirsten Birch",25,"Female","2",2.32789815403521,"y","y","logfile_Kirsten_Birch_2021_Dec_13_2217_2.csv","y",1,"0"
"523",59,"2021_Dec_13_2217","Kirsten Birch",25,"Female","2",1.03689718595706,"r","r","logfile_Kirsten_Birch_2021_Dec_13_2217_2.csv","r",1,"1"
"524",0,"2021_Dec_13_1453","RandomId",22,"Male","0",1.35160487500252,"y","y","logfile_RandomId_2021_Dec_13_1453_0.csv","y",1,"0"
"525",1,"2021_Dec_13_1453","RandomId",22,"Male","0",0.762981250009034,"y","y","logfile_RandomId_2021_Dec_13_1453_0.csv","y",1,"0"
"526",2,"2021_Dec_13_1453","RandomId",22,"Male","0",0.971956542052794,"y","y","logfile_RandomId_2021_Dec_13_1453_0.csv","y",1,"0"
"527",3,"2021_Dec_13_1453","RandomId",22,"Male","0",0.861926375015173,"y","y","logfile_RandomId_2021_Dec_13_1453_0.csv","y",1,"0"
"528",4,"2021_Dec_13_1453","RandomId",22,"Male","0",1.42264750000322,"y","y","logfile_RandomId_2021_Dec_13_1453_0.csv","y",1,"0"
"529",5,"2021_Dec_13_1453","RandomId",22,"Male","0",1.41454683296615,"y","y","logfile_RandomId_2021_Dec_13_1453_0.csv","y",1,"0"
"530",6,"2021_Dec_13_1453","RandomId",22,"Male","0",0.906534958980046,"r","r","logfile_RandomId_2021_Dec_13_1453_0.csv","r",1,"0"
"531",7,"2021_Dec_13_1453","RandomId",22,"Male","0",1.43577645899495,"y","y","logfile_RandomId_2021_Dec_13_1453_0.csv","y",1,"0"
"532",8,"2021_Dec_13_1453","RandomId",22,"Male","0",1.51106441701995,"y","y","logfile_RandomId_2021_Dec_13_1453_0.csv","y",1,"0"
"533",9,"2021_Dec_13_1453","RandomId",22,"Male","0",1.41441533301258,"y","y","logfile_RandomId_2021_Dec_13_1453_0.csv","y",1,"0"
"534",10,"2021_Dec_13_1453","RandomId",22,"Male","0",1.38273137499345,"r","r","logfile_RandomId_2021_Dec_13_1453_0.csv","r",1,"0"
"535",11,"2021_Dec_13_1453","RandomId",22,"Male","0",2.49067995802034,"y","y","logfile_RandomId_2021_Dec_13_1453_0.csv","y",1,"0"
"536",12,"2021_Dec_13_1453","RandomId",22,"Male","0",0.594022709003184,"y","y","logfile_RandomId_2021_Dec_13_1453_0.csv","y",1,"0"
"537",13,"2021_Dec_13_1453","RandomId",22,"Male","0",0.736499707971234,"y","y","logfile_RandomId_2021_Dec_13_1453_0.csv","y",1,"0"
"538",14,"2021_Dec_13_1453","RandomId",22,"Male","0",0.677693000005092,"y","y","logfile_RandomId_2021_Dec_13_1453_0.csv","y",1,"0"
"539",15,"2021_Dec_13_1453","RandomId",22,"Male","0",0.882856292009819,"y","y","logfile_RandomId_2021_Dec_13_1453_0.csv","y",1,"0"
"540",16,"2021_Dec_13_1453","RandomId",22,"Male","0",0.832446666026954,"r","r","logfile_RandomId_2021_Dec_13_1453_0.csv","r",1,"0"
"541",17,"2021_Dec_13_1453","RandomId",22,"Male","0",1.67833912500646,"r","r","logfile_RandomId_2021_Dec_13_1453_0.csv","r",1,"0"
"542",18,"2021_Dec_13_1453","RandomId",22,"Male","0",1.26160220900783,"y","y","logfile_RandomId_2021_Dec_13_1453_0.csv","y",1,"0"
"543",19,"2021_Dec_13_1453","RandomId",22,"Male","0",0.653943041979801,"y","y","logfile_RandomId_2021_Dec_13_1453_0.csv","y",1,"0"
"544",20,"2021_Dec_13_1453","RandomId",22,"Male","0",1.76980866701342,"r","r","logfile_RandomId_2021_Dec_13_1453_0.csv","r",1,"0"
"545",21,"2021_Dec_13_1453","RandomId",22,"Male","0",0.567930083023384,"r","r","logfile_RandomId_2021_Dec_13_1453_0.csv","r",1,"0"
"546",23,"2021_Dec_13_1453","RandomId",22,"Male","0",0.716396750009153,"r","r","logfile_RandomId_2021_Dec_13_1453_0.csv","r",1,"0"
"547",24,"2021_Dec_13_1453","RandomId",22,"Male","0",1.21578545903321,"y","y","logfile_RandomId_2021_Dec_13_1453_0.csv","y",1,"0"
"548",25,"2021_Dec_13_1453","RandomId",22,"Male","0",0.82426166703226,"y","y","logfile_RandomId_2021_Dec_13_1453_0.csv","y",1,"0"
"549",26,"2021_Dec_13_1453","RandomId",22,"Male","0",0.767489916004706,"r","r","logfile_RandomId_2021_Dec_13_1453_0.csv","r",1,"0"
"550",27,"2021_Dec_13_1453","RandomId",22,"Male","0",0.672981458017603,"r","r","logfile_RandomId_2021_Dec_13_1453_0.csv","r",1,"0"
"551",28,"2021_Dec_13_1453","RandomId",22,"Male","0",1.06392975000199,"y","y","logfile_RandomId_2021_Dec_13_1453_0.csv","y",1,"0"
"552",29,"2021_Dec_13_1453","RandomId",22,"Male","0",0.961525459017139,"y","y","logfile_RandomId_2021_Dec_13_1453_0.csv","y",1,"0"
"553",30,"2021_Dec_13_1453","RandomId",22,"Male","0",1.69951729202876,"r","r","logfile_RandomId_2021_Dec_13_1453_0.csv","r",1,"0"
"554",31,"2021_Dec_13_1453","RandomId",22,"Male","0",0.625095582974609,"r","r","logfile_RandomId_2021_Dec_13_1453_0.csv","r",1,"0"
"555",32,"2021_Dec_13_1453","RandomId",22,"Male","0",0.744677832990419,"r","r","logfile_RandomId_2021_Dec_13_1453_0.csv","r",1,"0"
"556",33,"2021_Dec_13_1453","RandomId",22,"Male","0",0.818564375047572,"y","y","logfile_RandomId_2021_Dec_13_1453_0.csv","y",1,"0"
"557",34,"2021_Dec_13_1453","RandomId",22,"Male","0",0.648718125012238,"r","r","logfile_RandomId_2021_Dec_13_1453_0.csv","r",1,"0"
"558",35,"2021_Dec_13_1453","RandomId",22,"Male","0",2.8811969999806,"r","r","logfile_RandomId_2021_Dec_13_1453_0.csv","r",1,"0"
"559",36,"2021_Dec_13_1453","RandomId",22,"Male","0",0.868609042023309,"r","r","logfile_RandomId_2021_Dec_13_1453_0.csv","r",1,"0"
"560",37,"2021_Dec_13_1453","RandomId",22,"Male","0",0.918135541025549,"y","y","logfile_RandomId_2021_Dec_13_1453_0.csv","y",1,"0"
"561",38,"2021_Dec_13_1453","RandomId",22,"Male","0",0.697591250005644,"y","y","logfile_RandomId_2021_Dec_13_1453_0.csv","y",1,"0"
"562",39,"2021_Dec_13_1453","RandomId",22,"Male","0",0.719062666001264,"y","y","logfile_RandomId_2021_Dec_13_1453_0.csv","y",1,"0"
"563",40,"2021_Dec_13_1453","RandomId",22,"Male","0",1.05937245802488,"r","r","logfile_RandomId_2021_Dec_13_1453_0.csv","r",1,"0"
"564",41,"2021_Dec_13_1453","RandomId",22,"Male","0",1.72677358298097,"r","r","logfile_RandomId_2021_Dec_13_1453_0.csv","r",1,"0"
"565",43,"2021_Dec_13_1453","RandomId",22,"Male","0",0.56125400000019,"y","y","logfile_RandomId_2021_Dec_13_1453_0.csv","y",1,"0"
"566",44,"2021_Dec_13_1453","RandomId",22,"Male","0",0.535927292017732,"y","y","logfile_RandomId_2021_Dec_13_1453_0.csv","y",1,"0"
"567",45,"2021_Dec_13_1453","RandomId",22,"Male","0",0.885343750007451,"r","r","logfile_RandomId_2021_Dec_13_1453_0.csv","r",1,"0"
"568",46,"2021_Dec_13_1453","RandomId",22,"Male","0",1.20226387499133,"r","r","logfile_RandomId_2021_Dec_13_1453_0.csv","r",1,"0"
"569",47,"2021_Dec_13_1453","RandomId",22,"Male","0",0.670021500030998,"r","r","logfile_RandomId_2021_Dec_13_1453_0.csv","r",1,"0"
"570",48,"2021_Dec_13_1453","RandomId",22,"Male","0",2.47224133298732,"r","r","logfile_RandomId_2021_Dec_13_1453_0.csv","r",1,"0"
"571",49,"2021_Dec_13_1453","RandomId",22,"Male","0",0.84610295802122,"r","r","logfile_RandomId_2021_Dec_13_1453_0.csv","r",1,"0"
"572",50,"2021_Dec_13_1453","RandomId",22,"Male","0",0.479505166003946,"y","y","logfile_RandomId_2021_Dec_13_1453_0.csv","y",1,"0"
"573",51,"2021_Dec_13_1453","RandomId",22,"Male","0",2.16204608400585,"r","r","logfile_RandomId_2021_Dec_13_1453_0.csv","r",1,"0"
"574",52,"2021_Dec_13_1453","RandomId",22,"Male","0",1.60924675001297,"r","r","logfile_RandomId_2021_Dec_13_1453_0.csv","r",1,"0"
"575",53,"2021_Dec_13_1453","RandomId",22,"Male","0",0.737284041999374,"y","y","logfile_RandomId_2021_Dec_13_1453_0.csv","y",1,"0"
"576",54,"2021_Dec_13_1453","RandomId",22,"Male","0",0.960590458009392,"y","y","logfile_RandomId_2021_Dec_13_1453_0.csv","y",1,"0"
"577",55,"2021_Dec_13_1453","RandomId",22,"Male","0",1.14971020899247,"r","r","logfile_RandomId_2021_Dec_13_1453_0.csv","r",1,"0"
"578",56,"2021_Dec_13_1453","RandomId",22,"Male","0",0.773799374990631,"r","r","logfile_RandomId_2021_Dec_13_1453_0.csv","r",1,"0"
"579",57,"2021_Dec_13_1453","RandomId",22,"Male","0",0.646555250044912,"y","y","logfile_RandomId_2021_Dec_13_1453_0.csv","y",1,"0"
"580",58,"2021_Dec_13_1453","RandomId",22,"Male","0",1.04852787498385,"r","r","logfile_RandomId_2021_Dec_13_1453_0.csv","r",1,"0"
"581",59,"2021_Dec_13_1453","RandomId",22,"Male","0",1.00784954195842,"r","r","logfile_RandomId_2021_Dec_13_1453_0.csv","r",1,"0"
"582",11,"2021_Dec_13_1026","wfhijji",19,"Female","1",2.89724500000011,"y","y","logfile_wfhijji_2021_Dec_13_1026_1.csv","y",1,"1"
"583",12,"2021_Dec_13_1026","wfhijji",19,"Female","1",2.7770956250024,"r","r","logfile_wfhijji_2021_Dec_13_1026_1.csv","r",1,"0"
"584",14,"2021_Dec_13_1026","wfhijji",19,"Female","1",1.19829445803771,"y","y","logfile_wfhijji_2021_Dec_13_1026_1.csv","y",1,"1"
"585",16,"2021_Dec_13_1026","wfhijji",19,"Female","1",2.23894416599069,"r","r","logfile_wfhijji_2021_Dec_13_1026_1.csv","r",1,"0"
"586",17,"2021_Dec_13_1026","wfhijji",19,"Female","1",2.76886562502477,"r","r","logfile_wfhijji_2021_Dec_13_1026_1.csv","r",1,"0"
"587",18,"2021_Dec_13_1026","wfhijji",19,"Female","1",1.59650654101279,"y","y","logfile_wfhijji_2021_Dec_13_1026_1.csv","y",1,"1"
"588",19,"2021_Dec_13_1026","wfhijji",19,"Female","1",2.21714387496468,"y","y","logfile_wfhijji_2021_Dec_13_1026_1.csv","y",1,"1"
"589",20,"2021_Dec_13_1026","wfhijji",19,"Female","1",1.33964579203166,"r","r","logfile_wfhijji_2021_Dec_13_1026_1.csv","r",1,"0"
"590",21,"2021_Dec_13_1026","wfhijji",19,"Female","1",1.67550295800902,"y","y","logfile_wfhijji_2021_Dec_13_1026_1.csv","y",1,"1"
"591",23,"2021_Dec_13_1026","wfhijji",19,"Female","1",1.93593804095872,"y","y","logfile_wfhijji_2021_Dec_13_1026_1.csv","y",1,"1"
"592",24,"2021_Dec_13_1026","wfhijji",19,"Female","1",1.2799730420229,"r","r","logfile_wfhijji_2021_Dec_13_1026_1.csv","r",1,"0"
"593",25,"2021_Dec_13_1026","wfhijji",19,"Female","1",1.2900537920068,"y","y","logfile_wfhijji_2021_Dec_13_1026_1.csv","y",1,"1"
"594",26,"2021_Dec_13_1026","wfhijji",19,"Female","1",2.39707091700984,"y","y","logfile_wfhijji_2021_Dec_13_1026_1.csv","y",1,"1"
"595",27,"2021_Dec_13_1026","wfhijji",19,"Female","1",1.79328891600017,"r","r","logfile_wfhijji_2021_Dec_13_1026_1.csv","r",1,"0"
"596",28,"2021_Dec_13_1026","wfhijji",19,"Female","1",1.36256083403714,"r","r","logfile_wfhijji_2021_Dec_13_1026_1.csv","r",1,"0"
"597",29,"2021_Dec_13_1026","wfhijji",19,"Female","1",1.29899095802102,"y","y","logfile_wfhijji_2021_Dec_13_1026_1.csv","y",1,"1"
"598",30,"2021_Dec_13_1026","wfhijji",19,"Female","1",1.76618979097111,"r","r","logfile_wfhijji_2021_Dec_13_1026_1.csv","r",1,"0"
"599",32,"2021_Dec_13_1026","wfhijji",19,"Female","1",3.13231466599973,"r","r","logfile_wfhijji_2021_Dec_13_1026_1.csv","r",1,"0"
"600",33,"2021_Dec_13_1026","wfhijji",19,"Female","1",2.57463862502482,"r","r","logfile_wfhijji_2021_Dec_13_1026_1.csv","r",1,"0"
"601",34,"2021_Dec_13_1026","wfhijji",19,"Female","1",1.20874287502375,"y","y","logfile_wfhijji_2021_Dec_13_1026_1.csv","y",1,"1"
"602",35,"2021_Dec_13_1026","wfhijji",19,"Female","1",1.34115258301608,"r","r","logfile_wfhijji_2021_Dec_13_1026_1.csv","r",1,"0"
"603",36,"2021_Dec_13_1026","wfhijji",19,"Female","1",1.75530791695928,"r","r","logfile_wfhijji_2021_Dec_13_1026_1.csv","r",1,"0"
"604",37,"2021_Dec_13_1026","wfhijji",19,"Female","1",1.66491429199232,"r","r","logfile_wfhijji_2021_Dec_13_1026_1.csv","r",1,"0"
"605",38,"2021_Dec_13_1026","wfhijji",19,"Female","1",1.86970674997428,"r","r","logfile_wfhijji_2021_Dec_13_1026_1.csv","r",1,"0"
"606",39,"2021_Dec_13_1026","wfhijji",19,"Female","1",0.997061749978457,"y","y","logfile_wfhijji_2021_Dec_13_1026_1.csv","y",1,"1"
"607",40,"2021_Dec_13_1026","wfhijji",19,"Female","1",1.7399384159944,"y","y","logfile_wfhijji_2021_Dec_13_1026_1.csv","y",1,"1"
"608",41,"2021_Dec_13_1026","wfhijji",19,"Female","1",3.07324983301805,"r","r","logfile_wfhijji_2021_Dec_13_1026_1.csv","r",1,"0"
"609",42,"2021_Dec_13_1026","wfhijji",19,"Female","1",0.786859541956801,"y","y","logfile_wfhijji_2021_Dec_13_1026_1.csv","y",1,"1"
"610",43,"2021_Dec_13_1026","wfhijji",19,"Female","1",1.42932154203299,"r","r","logfile_wfhijji_2021_Dec_13_1026_1.csv","r",1,"0"
"611",44,"2021_Dec_13_1026","wfhijji",19,"Female","1",1.0605949999881,"y","y","logfile_wfhijji_2021_Dec_13_1026_1.csv","y",1,"1"
"612",45,"2021_Dec_13_1026","wfhijji",19,"Female","1",1.82568733301014,"r","r","logfile_wfhijji_2021_Dec_13_1026_1.csv","r",1,"0"
"613",46,"2021_Dec_13_1026","wfhijji",19,"Female","1",0.674286541994661,"y","y","logfile_wfhijji_2021_Dec_13_1026_1.csv","y",1,"1"
"614",47,"2021_Dec_13_1026","wfhijji",19,"Female","1",1.0056632910273,"y","y","logfile_wfhijji_2021_Dec_13_1026_1.csv","y",1,"1"
"615",48,"2021_Dec_13_1026","wfhijji",19,"Female","1",2.66340745898196,"y","y","logfile_wfhijji_2021_Dec_13_1026_1.csv","y",1,"1"
"616",49,"2021_Dec_13_1026","wfhijji",19,"Female","1",2.9703612079611,"y","y","logfile_wfhijji_2021_Dec_13_1026_1.csv","y",1,"1"
"617",50,"2021_Dec_13_1026","wfhijji",19,"Female","1",1.74129912501667,"r","r","logfile_wfhijji_2021_Dec_13_1026_1.csv","r",1,"0"
"618",51,"2021_Dec_13_1026","wfhijji",19,"Female","1",1.88874837500043,"y","y","logfile_wfhijji_2021_Dec_13_1026_1.csv","y",1,"1"
"619",52,"2021_Dec_13_1026","wfhijji",19,"Female","1",1.26547174999723,"y","y","logfile_wfhijji_2021_Dec_13_1026_1.csv","y",1,"1"
"620",53,"2021_Dec_13_1026","wfhijji",19,"Female","1",1.13296883302974,"r","r","logfile_wfhijji_2021_Dec_13_1026_1.csv","r",1,"0"
"621",54,"2021_Dec_13_1026","wfhijji",19,"Female","1",1.23012504103826,"y","y","logfile_wfhijji_2021_Dec_13_1026_1.csv","y",1,"1"
"622",55,"2021_Dec_13_1026","wfhijji",19,"Female","1",1.97069270798238,"r","r","logfile_wfhijji_2021_Dec_13_1026_1.csv","r",1,"0"
"623",56,"2021_Dec_13_1026","wfhijji",19,"Female","1",1.82691750000231,"y","y","logfile_wfhijji_2021_Dec_13_1026_1.csv","y",1,"1"
"624",57,"2021_Dec_13_1026","wfhijji",19,"Female","1",1.29120312503073,"y","y","logfile_wfhijji_2021_Dec_13_1026_1.csv","y",1,"1"
"625",58,"2021_Dec_13_1026","wfhijji",19,"Female","1",2.00232274999144,"r","r","logfile_wfhijji_2021_Dec_13_1026_1.csv","r",1,"0"
"626",59,"2021_Dec_13_1026","wfhijji",19,"Female","1",1.85997283400502,"y","y","logfile_wfhijji_2021_Dec_13_1026_1.csv","y",1,"1"
